Metric,Jun '21,Sep '21,Dec '21,Mar '22,Jun '22,Sep '22,Dec '22,Mar '23,Jun '23,Sep '23,Dec '23,Mar '24
Cash And Equivalents,—,_blank,—,_blank,—,_blank,—,"686,640,000",—,"688,270,000",—,"972,250,000"
Short Term Investments,—,_blank,—,_blank,—,_blank,—,"1,087,410,000",—,"1,041,070,000",—,"1,061,700,000"
"Trading Asset Securities, Total",—,—,—,_blank,—,—,—,"208,070,000",—,—,—,—
Total Cash And Short Term Investments,_blank,_blank,_blank,_blank,_blank,_blank,"1,182,630,000","1,982,120,000","2,034,270,000","1,729,340,000","1,729,340,000","2,033,950,000"
"Accounts Receivable, Total",—,_blank,—,_blank,—,_blank,—,"284,480,000",—,"369,360,000",—,"316,280,000"
Notes Receivable,—,_blank,—,_blank,—,_blank,—,"1,760,000",—,"22,580,000",—,"25,170,000"
Total Receivables,—,_blank,—,_blank,—,_blank,—,"286,240,000",—,"391,940,000",—,"341,450,000"
Inventory,—,_blank,—,_blank,—,_blank,—,"1,400,080,000",—,"1,462,580,000",—,"1,527,700,000"
"Other Current Assets, Total",—,_blank,—,_blank,—,_blank,—,"584,520,000",—,"813,580,000",—,"797,900,000"
Total Current Assets,—,_blank,—,_blank,—,_blank,—,"4,252,960,000",—,"4,397,440,000",—,"4,701,000,000"
Gross Property Plant And Equipment,—,—,—,_blank,—,—,—,"9,118,030,000",—,—,—,—
Accumulated Depreciation,—,—,—,_blank,—,—,—,"-2,240,410,000",—,—,—,—
Net Property Plant And Equipment,—,_blank,—,_blank,—,_blank,—,"6,877,620,000",—,"7,365,860,000",—,"7,584,660,000"
Long-term Investments,—,_blank,—,_blank,—,_blank,—,"1,170,870,000",—,"1,113,490,000",—,"1,195,020,000"
Goodwill,—,_blank,—,_blank,—,_blank,—,"152,700,000",—,"149,040,000",—,"149,890,000"
"Other Intangibles, Total",—,_blank,—,_blank,—,_blank,—,"3,155,250,000",—,"3,341,160,000",—,"3,453,850,000"
Loans Receivable Long-Term,—,_blank,—,_blank,—,_blank,—,"15,250,000",—,"15,520,000",—,"8,990,000"
Deferred Tax Assets Long-Term,—,_blank,—,_blank,—,_blank,—,"15,490,000",—,"9,400,000",—,"9,380,000"
"Other Long-Term Assets, Total",—,_blank,—,_blank,—,_blank,—,"434,170,000",—,"430,240,000",—,"457,070,000"
Total Assets,—,_blank,—,_blank,—,_blank,—,"16,074,310,000",—,"16,822,150,000",—,"17,559,860,000"
