Metric,Jun '21,Sep '21,Dec '21,Mar '22,Jun '22,Sep '22,Dec '22,Mar '23,Jun '23,Sep '23,Dec '23,Mar '24
"Common Stock, Total",—,_blank,—,_blank,—,_blank,—,"67,660,000",—,"67,660,000",—,"67,660,000"
Additional Paid In Capital,—,—,—,_blank,—,—,—,"997,920,000",—,—,—,—
Retained Earnings,—,—,—,_blank,—,—,—,"5,590,380,000",—,—,—,—
Comprehensive Income and Other,—,_blank,—,_blank,—,_blank,—,"502,760,000",—,"7,444,560,000",—,"7,867,150,000"
Total Common Equity,_blank,_blank,_blank,_blank,_blank,_blank,"7,900,490,000","7,158,720,000","8,211,530,000","7,512,220,000","7,512,220,000","7,934,810,000"
Minority Interest,—,_blank,—,_blank,—,_blank,—,"1,130,090,000",—,"1,260,530,000",—,"1,323,070,000"
Total Equity,_blank,_blank,_blank,_blank,_blank,_blank,"9,027,650,000","8,288,810,000","9,341,620,000","8,772,750,000","8,772,750,000","9,257,880,000"
Total Liabilities And Equity,—,_blank,—,_blank,—,_blank,—,"16,074,310,000",—,"16,822,150,000",—,"17,559,860,000"
