Metric,Mar '15,Mar '16,Mar '17,Mar '18,Mar '19,Mar '20,Mar '21,Mar '22,Mar '23,Mar '24
"Accounts Payable, Total",_blank,_blank,_blank,_blank,_blank,"967,990,000","1,088,970,000","1,593,300,000","1,471,720,000","1,783,770,000"
"Accrued Expenses, Total",_blank,_blank,_blank,_blank,_blank,"42,290,000","41,290,000","41,410,000","40,580,000",—
Short-term Borrowings,_blank,_blank,_blank,_blank,_blank,"937,860,000","600,810,000","515,860,000","822,580,000",—
Current Portion of Long-Term Debt,_blank,_blank,_blank,_blank,_blank,"448,770,000","280,470,000","270,200,000","485,320,000","1,019,100,000"
Current Portion of Leases,_blank,_blank,—,—,—,"11,810,000","13,660,000","26,620,000","41,960,000","41,050,000"
Current Income Taxes Payable,_blank,_blank,_blank,_blank,_blank,"360,000","370,000","650,000","1,150,000",—
"Unearned Revenue Current, Total",—,—,—,—,_blank,"646,900,000","160,230,000","21,720,000","232,680,000",—
Other Current Liabilities,_blank,_blank,_blank,_blank,_blank,"1,073,180,000","589,880,000","616,860,000","861,440,000","1,129,750,000"
Total Current Liabilities,_blank,_blank,_blank,_blank,_blank,"4,129,160,000","2,775,680,000","3,086,620,000","3,957,430,000","3,973,670,000"
Long-Term Debt,_blank,_blank,_blank,_blank,_blank,"1,976,310,000","1,636,830,000","1,876,990,000","1,831,760,000","2,227,120,000"
Long-Term Leases,_blank,—,—,—,—,"75,160,000","69,480,000","130,070,000","162,300,000","174,150,000"
Deferred Tax Liability Non Current,_blank,_blank,_blank,_blank,_blank,"541,230,000","370,010,000","496,440,000","603,240,000","722,410,000"
Other Non Current Liabilities,_blank,_blank,_blank,_blank,_blank,"323,820,000","365,800,000","516,690,000","1,230,770,000","1,204,630,000"
Total Liabilities,_blank,_blank,_blank,_blank,_blank,"7,045,680,000","5,217,800,000","6,106,810,000","7,785,500,000","8,301,980,000"
