Metric,Mar '15,Mar '16,Mar '17,Mar '18,Mar '19,Mar '20,Mar '21,Mar '22,Mar '23,Mar '24
"Common Stock, Total",_blank,_blank,_blank,_blank,_blank,"63,390,000","64,450,000","67,650,000","67,660,000","67,660,000"
Additional Paid In Capital,_blank,_blank,_blank,_blank,_blank,"613,950,000","745,080,000","1,147,960,000","997,920,000",—
Retained Earnings,_blank,_blank,_blank,_blank,_blank,"2,940,490,000","4,601,490,000","5,180,860,000","5,590,380,000",—
Comprehensive Income and Other,_blank,_blank,_blank,_blank,_blank,"873,830,000","1,590,700,000","1,398,380,000","502,760,000","7,867,150,000"
Total Common Equity,_blank,_blank,_blank,_blank,_blank,"4,491,660,000","7,001,720,000","7,794,850,000","7,158,720,000","7,934,810,000"
Minority Interest,_blank,_blank,_blank,_blank,_blank,"121,810,000","992,600,000","1,094,990,000","1,130,090,000","1,323,070,000"
Total Equity,_blank,_blank,_blank,_blank,_blank,"4,613,470,000","7,994,320,000","8,889,840,000","8,288,810,000","9,257,880,000"
Total Liabilities And Equity,_blank,_blank,_blank,_blank,_blank,"11,659,150,000","13,212,120,000","14,996,650,000","16,074,310,000","17,559,860,000"
