Metric,Sep '18,Mar '19,Sep '19,Mar '20,Sep '20,Mar '21,Sep '21,Mar '22,Sep '22,Mar '23,Sep '23,Mar '24
Cash And Equivalents,_blank,_blank,_blank,_blank,_blank,_blank,"190,740,000","361,780,000","482,580,000","686,640,000","688,270,000","972,250,000"
Short Term Investments,_blank,_blank,_blank,_blank,_blank,_blank,"2,006,890,000","839,320,000","700,050,000","1,087,410,000","1,041,070,000","1,061,700,000"
"Trading Asset Securities, Total",—,_blank,—,_blank,—,_blank,—,"367,920,000",—,"208,070,000",—,—
Total Cash And Short Term Investments,_blank,_blank,_blank,_blank,_blank,_blank,"2,197,630,000","1,569,020,000","1,182,630,000","1,982,120,000","1,729,340,000","2,033,950,000"
"Accounts Receivable, Total",_blank,_blank,_blank,_blank,_blank,_blank,"174,750,000","236,400,000","258,360,000","284,480,000","369,360,000","316,280,000"
Other Receivables,—,_blank,—,—,—,_blank,—,—,—,—,—,—
Notes Receivable,_blank,_blank,_blank,_blank,_blank,_blank,"650,000","1,300,000","2,510,000","1,760,000","22,580,000","25,170,000"
Total Receivables,_blank,_blank,_blank,_blank,_blank,_blank,"175,400,000","237,700,000","260,870,000","286,240,000","391,940,000","341,450,000"
Inventory,_blank,_blank,_blank,_blank,_blank,_blank,"926,220,000","1,077,780,000","1,328,170,000","1,400,080,000","1,462,580,000","1,527,700,000"
"Other Current Assets, Total",_blank,_blank,_blank,_blank,_blank,_blank,"417,150,000","585,690,000","733,440,000","584,520,000","813,580,000","797,900,000"
Total Current Assets,_blank,_blank,_blank,_blank,_blank,_blank,"3,716,400,000","3,470,190,000","3,505,110,000","4,252,960,000","4,397,440,000","4,701,000,000"
Gross Property Plant And Equipment,—,_blank,—,_blank,—,_blank,—,"7,649,890,000",—,"9,118,030,000",—,—
Accumulated Depreciation,—,_blank,—,_blank,—,_blank,—,"-1,964,830,000",—,"-2,240,410,000",—,—
Net Property Plant And Equipment,_blank,_blank,_blank,_blank,_blank,_blank,"5,375,910,000","5,685,060,000","6,027,720,000","6,877,620,000","7,365,860,000","7,584,660,000"
Long-term Investments,_blank,_blank,_blank,_blank,_blank,_blank,"2,516,440,000","2,861,460,000","2,751,080,000","1,170,870,000","1,113,490,000","1,195,020,000"
Goodwill,_blank,_blank,_blank,_blank,_blank,_blank,"111,650,000","130,090,000","130,010,000","152,700,000","149,040,000","149,890,000"
"Other Intangibles, Total",_blank,_blank,_blank,_blank,_blank,_blank,"2,046,590,000","2,187,890,000","3,226,400,000","3,155,250,000","3,341,160,000","3,453,850,000"
Loans Receivable Long-Term,_blank,_blank,_blank,_blank,_blank,_blank,"8,610,000","15,880,000","15,780,000","15,250,000","15,520,000","8,990,000"
Deferred Tax Assets Long-Term,_blank,_blank,_blank,_blank,_blank,_blank,"10,970,000","10,430,000","7,410,000","15,490,000","9,400,000","9,380,000"
"Other Long-Term Assets, Total",_blank,_blank,_blank,_blank,_blank,_blank,"508,900,000","635,650,000","595,730,000","434,170,000","430,240,000","457,070,000"
Total Assets,_blank,_blank,_blank,_blank,_blank,_blank,"14,295,470,000","14,996,650,000","16,259,240,000","16,074,310,000","16,822,150,000","17,559,860,000"
