Metric,Sep '21,Mar '22,Sep '22,Mar '23,Sep '23,Mar '24
"Accounts Payable, Total",_blank,_blank,_blank,"1,471,720,000","1,581,010,000","1,783,770,000"
"Accrued Expenses, Total",—,_blank,—,"40,580,000",—,—
Short-term Borrowings,—,_blank,—,"822,580,000",—,—
Current Portion of Long-Term Debt,_blank,_blank,_blank,"485,320,000","716,690,000","1,019,100,000"
Current Portion of Leases,_blank,_blank,_blank,"41,960,000","42,370,000","41,050,000"
Current Income Taxes Payable,—,_blank,—,"1,150,000",—,—
"Unearned Revenue Current, Total",—,_blank,—,"232,680,000",—,—
Other Current Liabilities,_blank,_blank,_blank,"861,440,000","1,435,060,000","1,129,750,000"
Total Current Liabilities,_blank,_blank,_blank,"3,957,430,000","3,775,130,000","3,973,670,000"
Long-Term Debt,_blank,_blank,_blank,"1,831,760,000","2,240,180,000","2,227,120,000"
Long-Term Leases,_blank,_blank,_blank,"162,300,000","167,730,000","174,150,000"
Deferred Tax Liability Non Current,_blank,_blank,_blank,"603,240,000","655,260,000","722,410,000"
Other Non Current Liabilities,_blank,_blank,_blank,"1,230,770,000","1,211,100,000","1,204,630,000"
Total Liabilities,_blank,_blank,_blank,"7,785,500,000","8,049,400,000","8,301,980,000"
