Metric,Sep '18,Mar '19,Sep '19,Mar '20,Sep '20,Mar '21,Sep '21,Mar '22,Sep '22,Mar '23,Sep '23,Mar '24
"Common Stock, Total",_blank,_blank,_blank,_blank,_blank,_blank,"65,510,000","67,650,000","67,660,000","67,660,000","67,660,000","67,660,000"
Additional Paid In Capital,—,_blank,—,_blank,—,_blank,—,"1,147,960,000",—,"997,920,000",—,—
Retained Earnings,—,_blank,—,_blank,—,_blank,—,"5,180,860,000",—,"5,590,380,000",—,—
Comprehensive Income and Other,_blank,_blank,_blank,_blank,_blank,_blank,"7,352,570,000","1,398,380,000","7,832,830,000","502,760,000","7,444,560,000","7,867,150,000"
Total Common Equity,_blank,_blank,_blank,_blank,_blank,_blank,"7,418,080,000","7,794,850,000","7,900,490,000","7,158,720,000","7,512,220,000","7,934,810,000"
Minority Interest,_blank,_blank,_blank,_blank,_blank,_blank,"1,038,030,000","1,094,990,000","1,127,160,000","1,130,090,000","1,260,530,000","1,323,070,000"
Total Equity,_blank,_blank,_blank,_blank,_blank,_blank,"8,456,110,000","8,889,840,000","9,027,650,000","8,288,810,000","8,772,750,000","9,257,880,000"
Total Liabilities And Equity,_blank,_blank,_blank,_blank,_blank,_blank,"14,295,470,000","14,996,650,000","16,259,240,000","16,074,310,000","16,822,150,000","17,559,860,000"
