Metric,Mar '15,Mar '16,Mar '17,Mar '18,Mar '19,Mar '20,Mar '21,Mar '22,Mar '23,Mar '24
Cash And Equivalents,_blank,_blank,_blank,_blank,_blank,"309,200,000","173,970,000","361,780,000","686,640,000","972,250,000"
Short Term Investments,_blank,_blank,_blank,_blank,_blank,"685,870,000","1,226,940,000","839,320,000","1,087,410,000","1,061,700,000"
"Trading Asset Securities, Total",—,—,_blank,_blank,_blank,"200,550,000","432,260,000","367,920,000","208,070,000",—
Total Cash And Short Term Investments,_blank,_blank,_blank,_blank,_blank,"1,195,620,000","1,833,170,000","1,569,020,000","1,982,120,000","2,033,950,000"
"Accounts Receivable, Total",_blank,_blank,_blank,_blank,_blank,"196,560,000","190,140,000","236,400,000","284,480,000","316,280,000"
Other Receivables,_blank,_blank,_blank,_blank,—,—,"398,430,000",—,—,—
Notes Receivable,_blank,_blank,_blank,_blank,_blank,"6,690,000","650,000","1,300,000","1,760,000","25,170,000"
Total Receivables,_blank,_blank,_blank,_blank,_blank,"203,250,000","589,220,000","237,700,000","286,240,000","341,450,000"
Inventory,_blank,_blank,_blank,_blank,_blank,"739,030,000","816,720,000","1,077,780,000","1,400,080,000","1,527,700,000"
"Other Current Assets, Total",_blank,_blank,_blank,_blank,_blank,"444,700,000","491,000,000","585,690,000","584,520,000","797,900,000"
Total Current Assets,_blank,_blank,_blank,_blank,_blank,"2,582,600,000","3,730,110,000","3,470,190,000","4,252,960,000","4,701,000,000"
Gross Property Plant And Equipment,_blank,_blank,_blank,_blank,_blank,"6,451,230,000","6,888,110,000","7,649,890,000","9,118,030,000",—
Accumulated Depreciation,_blank,_blank,_blank,_blank,_blank,"-1,501,070,000","-1,665,740,000","-1,964,830,000","-2,240,410,000",—
Net Property Plant And Equipment,_blank,_blank,_blank,_blank,_blank,"4,950,160,000","5,222,370,000","5,685,060,000","6,877,620,000","7,584,660,000"
Long-term Investments,_blank,_blank,_blank,_blank,_blank,"2,038,520,000","2,123,820,000","2,861,460,000","1,170,870,000","1,195,020,000"
Goodwill,_blank,_blank,_blank,_blank,_blank,"102,590,000","102,120,000","130,090,000","152,700,000","149,890,000"
"Other Intangibles, Total",_blank,_blank,_blank,_blank,_blank,"1,364,890,000","1,347,620,000","2,187,890,000","3,155,250,000","3,453,850,000"
Loans Receivable Long-Term,_blank,_blank,_blank,_blank,_blank,"217,320,000","11,170,000","15,880,000","15,250,000","8,990,000"
Deferred Tax Assets Long-Term,—,—,_blank,_blank,_blank,"29,000,000","11,470,000","10,430,000","15,490,000","9,380,000"
"Other Long-Term Assets, Total",_blank,_blank,_blank,_blank,_blank,"374,070,000","663,440,000","635,650,000","434,170,000","457,070,000"
Total Assets,_blank,_blank,_blank,_blank,_blank,"11,659,150,000","13,212,120,000","14,996,650,000","16,074,310,000","17,559,860,000"
