Metric,Jun '21,Sep '21,Dec '21,Mar '22,Jun '22,Sep '22,Dec '22,Mar '23,Jun '23,Sep '23,Dec '23,Mar '24
Net Change in Cash,—,_blank,—,_blank,—,_blank,—,"324,860,000",—,"205,690,000",—,"285,610,000"
Unlevered Free Cash Flow,_blank,_blank,_blank,_blank,_blank,_blank,"617,872,500","-159,560,000","590,107,500","424,772,500","655,605,000","-107,657,500"
Levered Free Cash Flow,_blank,_blank,_blank,_blank,_blank,_blank,"746,587,500","-17,375,000","750,690,000","589,585,000","824,827,500","65,727,500"
Free Cash Flow,—,_blank,—,_blank,—,_blank,—,"-259,560,000",—,"172,320,000",—,"59,050,000"
NOPAT,_blank,_blank,_blank,_blank,_blank,_blank,"756,836,653.2","802,752,190","792,060,025.4","843,548,647.5","861,215,590","840,558,421.3"
