Metric,Sep '18,Mar '19,Sep '19,Mar '20,Sep '20,Mar '21,Sep '21,Mar '22,Sep '22,Mar '23,Sep '23,Mar '24
Net Change in Cash,—,—,_blank,_blank,_blank,_blank,"16,770,000","171,040,000","120,800,000","264,500,000","1,630,000","283,980,000"
Unlevered Free Cash Flow,_blank,_blank,_blank,_blank,_blank,_blank,"15,172,500","-7,462,500","-41,325,000","-78,250,000","93,917,500","-111,315,000"
Levered Free Cash Flow,_blank,_blank,_blank,_blank,_blank,_blank,"69,292,500","46,702,500","22,807,500","4,400,000","180,677,500","-24,690,000"
Free Cash Flow,—,—,_blank,_blank,_blank,_blank,"122,240,000","-17,150,000","-381,540,000","121,980,000","50,340,000","8,710,000"
