Metric,Sep '19,Mar '20,Sep '20,Mar '21,Sep '21,Mar '22,Sep '22,Mar '23,Sep '23,Mar '24
"Short Term Debt Issued, Total",_blank,—,—,—,"104,270,000",—,"257,350,000",—,—,—
"Long-Term Debt Issued, Total",_blank,—,_blank,—,"5,280,000",—,"75,880,000",—,"426,120,000",—
Total Debt Issued,_blank,_blank,_blank,_blank,"109,550,000","483,880,000","333,230,000","338,110,000","426,120,000","269,980,000"
"Short Term Debt Repaid, Total",—,—,_blank,—,—,—,—,—,"-339,380,000",—
"Long-Term Debt Repaid, Total",_blank,—,_blank,—,"-96,740,000",—,"-144,550,000",—,"-286,400,000",—
Total Debt Repaid,_blank,_blank,_blank,_blank,"-96,740,000","-419,510,000","-144,550,000","-160,100,000","-625,780,000","-2,530,000"
Issuance of Common Stock,_blank,_blank,_blank,—,"132,560,000","265,110,000","310,000","90,000","60,000","10,000"
Repurchase of Common Stock,—,—,—,_blank,—,—,—,—,—,—
Common Dividends Paid,_blank,_blank,_blank,—,"-42,970,000",—,"-50,830,000",—,"-60,890,000",—
Common & Preferred Stock Dividends Paid,_blank,_blank,_blank,—,"-42,970,000",—,"-50,830,000",—,"-60,890,000",—
"Other Financing Activities, Total",_blank,_blank,_blank,_blank,"-70,140,000","-188,850,000","-94,850,000","-116,860,000","-45,010,000","-128,420,000"
Cash from Financing,_blank,_blank,_blank,_blank,"32,260,000","140,630,000","43,310,000","61,240,000","-305,500,000","139,040,000"
