Metric,Mar '15,Mar '16,Mar '17,Mar '18,Mar '19,Mar '20,Mar '21,Mar '22,Mar '23,Mar '24
(Gain) Loss From Sale Of Asset,_blank,_blank,_blank,_blank,_blank,"2,580,000","470,000","400,000","-600,000","1,780,000"
(Gain) Loss on Sale of Investments,_blank,_blank,_blank,_blank,_blank,"-20,640,000","-49,640,000","-13,520,000","12,140,000","-19,210,000"
(Income) Loss On Equity Investments,_blank,_blank,_blank,_blank,_blank,"-1,070,000","-5,160,000","-2,950,000","-240,000","-3,870,000"
Capital Expenditure,_blank,_blank,_blank,_blank,_blank,"-765,170,000","-1,058,370,000","-1,001,450,000","-1,409,880,000","-1,528,830,000"
"Sale of Property, Plant, and Equipment",_blank,_blank,_blank,_blank,_blank,"9,640,000","23,190,000","31,370,000","91,860,000","153,070,000"
"Investment in Marketable and Equity Securities, Total",_blank,_blank,_blank,_blank,_blank,"179,530,000","-473,150,000","2,590,000","294,440,000","169,750,000"
Net (Increase) Decrease in Loans Originated / Sold - Investing,_blank,—,—,—,—,—,—,—,—,—
"Other Investing Activities, Total",_blank,_blank,_blank,_blank,_blank,"-149,200,000","84,240,000","-133,540,000","111,230,000","63,000,000"
Cash from Investing,_blank,_blank,_blank,_blank,_blank,"-725,200,000","-1,424,090,000","-1,101,030,000","-912,350,000","-1,143,010,000"
