Metric,Mar '15,Mar '16,Mar '17,Mar '18,Mar '19,Mar '20,Mar '21,Mar '22,Mar '23,Mar '24
"Short Term Debt Issued, Total",—,—,_blank,_blank,_blank,"250,950,000",—,—,"311,980,000",—
"Long-Term Debt Issued, Total",_blank,_blank,_blank,_blank,_blank,"286,650,000","332,110,000","593,430,000","359,360,000","696,100,000"
Total Debt Issued,_blank,_blank,_blank,_blank,_blank,"537,600,000","332,110,000","593,430,000","671,340,000","696,100,000"
"Short Term Debt Repaid, Total",_blank,_blank,—,—,—,—,"-296,810,000","-88,460,000",—,"-252,930,000"
"Long-Term Debt Repaid, Total",_blank,_blank,_blank,_blank,_blank,"-192,410,000","-882,620,000","-427,790,000","-304,650,000","-375,380,000"
Total Debt Repaid,_blank,_blank,_blank,_blank,_blank,"-192,410,000","-1,179,430,000","-516,250,000","-304,650,000","-628,310,000"
Issuance of Common Stock,_blank,_blank,_blank,_blank,_blank,"190,000","132,150,000","397,670,000","400,000","70,000"
Common Dividends Paid,_blank,_blank,_blank,_blank,_blank,"-45,920,000","-39,210,000","-42,970,000","-50,830,000","-60,890,000"
Common & Preferred Stock Dividends Paid,_blank,_blank,_blank,_blank,_blank,"-45,920,000","-39,210,000","-42,970,000","-50,830,000","-60,890,000"
"Other Financing Activities, Total",_blank,_blank,_blank,_blank,_blank,"-324,870,000","1,773,420,000","-258,990,000","-211,710,000","-173,430,000"
Cash from Financing,_blank,_blank,_blank,_blank,_blank,"-25,410,000","1,019,040,000","172,890,000","104,550,000","-166,460,000"
