Metric,Sep '21,Mar '22,Sep '22,Mar '23,Sep '23,Mar '24
Net Income,_blank,_blank,_blank,"667,020,000","684,960,000","696,210,000"
Depreciation & Amortization,_blank,_blank,_blank,"403,030,000","459,950,000","508,320,000"
"Depreciation & Amortization, Total",_blank,_blank,_blank,"403,030,000","459,950,000","508,320,000"
Asset Writedown & Restructuring Costs,_blank,—,—,—,—,—
Net Cash From Discontinued Operations,—,_blank,—,"8,380,000","3,780,000",—
"Other Operating Activities, Total",_blank,_blank,_blank,"256,930,000","307,380,000","340,990,000"
Change In Accounts Receivable,_blank,_blank,_blank,"131,940,000","-68,020,000","-156,740,000"
Change In Inventories,_blank,_blank,_blank,"-322,280,000","-134,410,000","-127,560,000"
Change In Accounts Payable,_blank,_blank,_blank,"-6,000,000","311,060,000","347,960,000"
Cash from Operations,_blank,_blank,_blank,"1,150,320,000","1,558,270,000","1,587,880,000"
