Metric,Mar '15,Mar '16,Mar '17,Mar '18,Mar '19,Mar '20,Mar '21,Mar '22,Mar '23,Mar '24
Net Income,_blank,_blank,_blank,_blank,_blank,"393,540,000","491,280,000","607,050,000","667,020,000","696,210,000"
Depreciation & Amortization,_blank,_blank,_blank,_blank,_blank,"222,030,000","265,720,000","297,820,000","403,030,000","508,320,000"
"Depreciation & Amortization, Total",_blank,_blank,_blank,_blank,_blank,"222,030,000","265,720,000","297,820,000","403,030,000","508,320,000"
"Amortization of Deferred Charges, Total",_blank,_blank,—,—,—,—,—,—,—,—
Asset Writedown & Restructuring Costs,—,—,—,—,—,—,"156,910,000",—,—,—
Net Cash From Discontinued Operations,—,—,—,—,—,—,—,"20,180,000","8,380,000",—
"Other Operating Activities, Total",_blank,_blank,_blank,_blank,_blank,"173,170,000","-90,420,000","190,310,000","256,930,000","340,990,000"
Change In Accounts Receivable,_blank,_blank,_blank,_blank,_blank,"-137,920,000","9,590,000","-141,800,000","131,940,000","-156,740,000"
Change In Inventories,_blank,_blank,_blank,_blank,_blank,"-63,420,000","-77,690,000","-249,830,000","-322,280,000","-127,560,000"
Change In Accounts Payable,_blank,_blank,_blank,_blank,_blank,"380,500,000","-431,480,000","398,880,000","-6,000,000","347,960,000"
Cash from Operations,_blank,_blank,_blank,_blank,_blank,"948,770,000","269,580,000","1,106,540,000","1,150,320,000","1,587,880,000"
