Metric,Sep '21,Mar '22,Sep '22,Mar '23,Sep '23,Mar '24
(Gain) Loss From Sale Of Asset,_blank,_blank,_blank,"-600,000","-620,000","1,780,000"
(Gain) Loss on Sale of Investments,_blank,_blank,_blank,"12,140,000","-2,830,000","-19,210,000"
(Income) Loss On Equity Investments,_blank,_blank,_blank,"-240,000","-2,980,000","-3,870,000"
Capital Expenditure,_blank,_blank,_blank,"-1,409,880,000","-1,385,950,000","-1,528,830,000"
"Sale of Property, Plant, and Equipment",_blank,_blank,_blank,"91,860,000","90,360,000","153,070,000"
"Investment in Marketable and Equity Securities, Total",_blank,_blank,_blank,"294,440,000","100,740,000","169,750,000"
"Other Investing Activities, Total",_blank,_blank,_blank,"111,230,000","101,740,000","63,000,000"
Cash from Investing,_blank,_blank,_blank,"-912,350,000","-1,093,110,000","-1,143,010,000"
