Metric,Sep '19,Mar '20,Sep '20,Mar '21,Sep '21,Mar '22,Sep '22,Mar '23,Sep '23,Mar '24
Net Income,_blank,_blank,_blank,_blank,"259,530,000","347,520,000","316,110,000","350,910,000","334,050,000","362,160,000"
Depreciation & Amortization,_blank,_blank,_blank,_blank,"141,130,000","156,840,000","186,760,000","216,430,000","243,600,000","264,720,000"
"Depreciation & Amortization, Total",_blank,_blank,_blank,_blank,"141,130,000","156,840,000","186,760,000","216,430,000","243,600,000","264,720,000"
Asset Writedown & Restructuring Costs,—,—,—,_blank,—,—,—,—,—,—
"Other Operating Activities, Total",_blank,_blank,_blank,_blank,"106,710,000","103,480,000","139,000,000","125,480,000","184,930,000","156,060,000"
Change In Accounts Receivable,_blank,_blank,_blank,_blank,"-11,720,000","-130,080,000","-3,650,000","135,590,000","-203,610,000","46,870,000"
Change In Inventories,_blank,_blank,_blank,_blank,"-109,500,000","-140,330,000","-250,370,000","-71,910,000","-62,500,000","-65,060,000"
Change In Accounts Payable,_blank,_blank,_blank,_blank,"195,050,000","203,830,000","-96,440,000","90,440,000","220,620,000","127,340,000"
Cash from Operations,_blank,_blank,_blank,_blank,"565,350,000","541,190,000","300,500,000","849,820,000","708,450,000","879,430,000"
