Metric,Sep '21,Mar '22,Sep '22,Mar '23,Sep '23,Mar '24
"Short Term Debt Issued, Total",—,—,—,"311,980,000",—,—
"Long-Term Debt Issued, Total",—,_blank,—,"359,360,000",—,"696,100,000"
Total Debt Issued,_blank,_blank,_blank,"671,340,000","764,230,000","696,100,000"
"Short Term Debt Repaid, Total",—,_blank,—,—,—,"-252,930,000"
"Long-Term Debt Repaid, Total",—,_blank,—,"-304,650,000",—,"-375,380,000"
Total Debt Repaid,_blank,_blank,_blank,"-304,650,000","-785,880,000","-628,310,000"
Issuance of Common Stock,_blank,_blank,_blank,"400,000","150,000","70,000"
Common Dividends Paid,_blank,_blank,_blank,"-50,830,000","-60,890,000","-60,890,000"
Common & Preferred Stock Dividends Paid,_blank,_blank,_blank,"-50,830,000","-60,890,000","-60,890,000"
"Other Financing Activities, Total",_blank,_blank,_blank,"-211,710,000","-161,870,000","-173,430,000"
Cash from Financing,_blank,_blank,_blank,"104,550,000","-244,260,000","-166,460,000"
