Metric,Mar '15,Mar '16,Mar '17,Mar '18,Mar '19,Mar '20,Mar '21,Mar '22,Mar '23,Mar '24
Net Change in Cash,_blank,_blank,_blank,_blank,_blank,"198,390,000","-135,230,000","187,810,000","324,860,000","285,610,000"
Unlevered Free Cash Flow,_blank,_blank,_blank,_blank,_blank,"487,125,300","-1,976,024,800","361,657,500","-159,560,000","-107,657,500"
Levered Free Cash Flow,_blank,_blank,_blank,_blank,_blank,"636,082,800","-1,841,722,300","469,942,500","-17,375,000","65,727,500"
Free Cash Flow,_blank,_blank,_blank,_blank,_blank,"183,600,000","-788,790,000","105,090,000","-259,560,000","59,050,000"
NOPAT,_blank,_blank,_blank,_blank,_blank,"513,990,644.8","516,555,996.8","632,849,405","802,752,190","840,558,421.3"
