Metric,Sep '19,Mar '20,Sep '20,Mar '21,Sep '21,Mar '22,Sep '22,Mar '23,Sep '23,Mar '24
(Gain) Loss From Sale Of Asset,_blank,_blank,_blank,_blank,"340,000","60,000","-650,000","50,000","-670,000","2,450,000"
(Gain) Loss on Sale of Investments,_blank,_blank,_blank,_blank,"-16,170,000","2,650,000","8,340,000","3,800,000","-6,630,000","-12,580,000"
(Income) Loss On Equity Investments,_blank,_blank,_blank,_blank,"-20,000","-2,780,000","1,400,000","-970,000","-1,340,000","-2,530,000"
Capital Expenditure,_blank,_blank,_blank,_blank,"-443,110,000","-558,340,000","-682,040,000","-727,840,000","-658,110,000","-870,720,000"
"Sale of Property, Plant, and Equipment",_blank,_blank,_blank,_blank,"220,000","31,150,000","2,440,000","89,420,000","940,000","152,130,000"
"Investment in Marketable and Equity Securities, Total",_blank,_blank,_blank,_blank,"-161,430,000","164,020,000","423,020,000","-128,580,000","229,320,000","-59,570,000"
"Other Investing Activities, Total",_blank,_blank,_blank,_blank,"19,760,000","-153,300,000","32,330,000","78,900,000","22,840,000","40,160,000"
Cash from Investing,_blank,_blank,_blank,_blank,"-584,560,000","-516,470,000","-224,250,000","-688,100,000","-405,010,000","-738,000,000"
