Metric,Jun '21,Sep '21,Dec '21,Mar '22,Jun '22,Sep '22,Dec '22,Mar '23,Jun '23,Sep '23,Dec '23,Mar '24
Total Revenues,_blank,_blank,_blank,—,_blank,_blank,"2,171,640,000","2,129,450,000","2,075,590,000","2,318,860,000","2,250,860,000","2,365,330,000"
Total Revenues % Chg.,_blank,_blank,_blank,—,_blank,_blank,17.4%,—,-5.4%,0.8%,3.6%,11.1%
"Cost of Goods Sold, Total",_blank,_blank,_blank,—,_blank,_blank,"1,457,370,000","1,371,030,000","1,316,680,000","1,527,090,000","1,475,020,000","1,534,640,000"
Gross Profit,_blank,_blank,_blank,—,_blank,_blank,"714,270,000","758,420,000","758,910,000","791,770,000","775,840,000","830,690,000"
"Selling General & Admin Expenses, Total",_blank,_blank,_blank,—,_blank,_blank,"62,670,000","64,710,000","66,010,000","59,470,000","63,130,000","68,180,000"
Depreciation & Amortization,_blank,_blank,_blank,—,_blank,_blank,"101,870,000","114,560,000","117,750,000","125,850,000","129,030,000","135,690,000"
Other Operating Expenses,_blank,_blank,_blank,—,_blank,_blank,"299,130,000","309,310,000","311,970,000","322,620,000","306,150,000","337,350,000"
"Other Operating Expenses, Total",_blank,_blank,_blank,—,_blank,_blank,"463,670,000","488,580,000","495,730,000","507,940,000","498,310,000","541,220,000"
Operating Income,_blank,_blank,_blank,—,_blank,_blank,"250,600,000","269,840,000","263,180,000","283,830,000","277,530,000","289,470,000"
"Interest Expense, Total",_blank,_blank,_blank,—,_blank,_blank,"-52,010,000","-58,190,000","-58,370,000","-57,310,000","-57,890,000","-57,610,000"
Net Interest Expenses,_blank,_blank,_blank,—,_blank,_blank,"-52,010,000","-58,190,000","-58,370,000","-57,310,000","-57,890,000","-57,610,000"
Income (Loss) On Equity Invest.,_blank,_blank,_blank,—,_blank,_blank,"660,000","310,000","760,000","580,000","1,530,000","1,000,000"
Other Non Operating Income (Expenses),_blank,_blank,_blank,—,_blank,_blank,"31,470,000","29,180,000","38,130,000","38,410,000","38,690,000","45,340,000"
"EBT, Excl. Unusual Items",_blank,_blank,_blank,—,_blank,_blank,"230,720,000","241,140,000","243,700,000","265,510,000","259,860,000","278,200,000"
"EBT, Incl. Unusual Items",_blank,_blank,_blank,—,_blank,_blank,"230,720,000","241,140,000","243,700,000","265,510,000","259,860,000","278,200,000"
Income Tax Expense,_blank,_blank,_blank,—,_blank,_blank,"52,660,000","27,870,000","61,120,000","66,730,000","63,450,000","65,770,000"
Earnings From Continuing Operations,_blank,_blank,_blank,—,_blank,_blank,"178,060,000","213,270,000","182,580,000","198,780,000","196,410,000","212,430,000"
Extraordinary Item & Accounting Change,—,—,_blank,—,—,—,—,—,—,—,—,—
Minority Interest,_blank,_blank,_blank,—,_blank,_blank,"-20,140,000","-20,280,000","-22,470,000","-24,840,000","-23,760,000","-22,920,000"
Net Income,_blank,_blank,_blank,—,_blank,_blank,"157,920,000","192,990,000","160,110,000","173,940,000","172,650,000","189,510,000"
Net Income to Common Incl Extra Items,_blank,_blank,_blank,—,_blank,_blank,"157,920,000","192,990,000","160,110,000","173,940,000","172,650,000","189,510,000"
Net Income to Common Excl. Extra Items,_blank,_blank,_blank,—,_blank,_blank,"157,920,000","192,990,000","160,110,000","173,940,000","172,650,000","189,510,000"
Total Shares Outstanding,_blank,_blank,_blank,_blank,_blank,_blank,"6,766,066.8","6,765,727.1","6,767,117.5","6,765,460.9","6,765,282.1","6,765,797.9"
Weighted Avg. Shares Outstanding,_blank,_blank,_blank,—,_blank,_blank,"6,766,066.8","6,766,830.3","6,767,117.5","6,765,460.9","6,765,282.1","6,765,797.9"
Weighted Avg. Shares Outstanding Dil,_blank,_blank,_blank,—,_blank,_blank,"6,766,066.8","6,766,830.3","6,767,117.5","6,765,460.9","6,765,282.1","6,765,797.9"
EPS,_blank,_blank,_blank,—,_blank,_blank,23.3,28.5,23.7,25.7,25.5,28
EPS Diluted,_blank,_blank,_blank,—,_blank,_blank,23.3,28.5,23.7,25.7,25.5,28
EBITDA,_blank,_blank,_blank,—,_blank,_blank,"317,057,500","370,637,500","363,977,500","405,630,000","367,167,500","416,550,000"
Effective Tax Rate,_blank,_blank,_blank,—,_blank,_blank,22.8%,11.6%,25.1%,25.1%,24.4%,23.6%
