Metric,Sep '18,Mar '19,Sep '19,Mar '20,Sep '20,Mar '21,Sep '21,Mar '22,Sep '22,Mar '23,Sep '23,Mar '24
Total Revenues,_blank,_blank,_blank,_blank,_blank,_blank,"3,075,600,000","3,924,020,000","4,493,590,000","4,301,090,000","4,394,450,000","4,616,190,000"
Total Revenues % Chg.,_blank,_blank,_blank,_blank,_blank,_blank,54.2%,46.7%,46.1%,9.6%,-2.2%,7.3%
"Cost of Goods Sold, Total",_blank,_blank,_blank,_blank,_blank,_blank,"2,037,340,000","2,711,780,000","3,064,400,000","2,828,400,000","2,843,770,000","3,009,660,000"
Gross Profit,_blank,_blank,_blank,_blank,_blank,_blank,"1,038,260,000","1,212,240,000","1,429,190,000","1,472,690,000","1,550,680,000","1,606,530,000"
"Selling General & Admin Expenses, Total",_blank,_blank,_blank,_blank,_blank,_blank,"88,370,000","99,380,000","121,560,000","127,380,000","125,480,000","131,310,000"
Depreciation & Amortization,_blank,_blank,_blank,_blank,_blank,_blank,"141,130,000","156,840,000","186,760,000","216,430,000","243,600,000","264,720,000"
Other Operating Expenses,_blank,_blank,_blank,_blank,_blank,_blank,"456,010,000","496,390,000","615,420,000","608,440,000","634,590,000","643,500,000"
"Other Operating Expenses, Total",_blank,_blank,_blank,_blank,_blank,_blank,"685,510,000","752,610,000","923,740,000","952,250,000","1,003,670,000","1,039,530,000"
Operating Income,_blank,_blank,_blank,_blank,_blank,_blank,"352,750,000","459,630,000","505,450,000","520,440,000","547,010,000","567,000,000"
"Interest Expense, Total",_blank,_blank,_blank,_blank,_blank,_blank,"-72,160,000","-72,220,000","-85,510,000","-110,200,000","-115,680,000","-115,500,000"
Interest And Investment Income,—,_blank,—,_blank,—,_blank,—,"125,700,000",—,—,—,—
Net Interest Expenses,_blank,_blank,_blank,_blank,_blank,_blank,"-72,160,000","53,480,000","-85,510,000","-110,200,000","-115,680,000","-115,500,000"
Income (Loss) On Equity Invest.,_blank,_blank,_blank,_blank,_blank,_blank,"20,000","2,780,000","-1,400,000","970,000","1,340,000","2,530,000"
Currency Exchange Gains (Loss),—,_blank,—,_blank,—,_blank,—,"-5,690,000",—,—,—,—
Other Non Operating Income (Expenses),_blank,_blank,_blank,_blank,_blank,_blank,"84,430,000","-60,830,000","57,610,000","60,650,000","76,540,000","84,030,000"
"EBT, Excl. Unusual Items",_blank,_blank,_blank,_blank,_blank,_blank,"365,040,000","449,370,000","476,150,000","471,860,000","509,210,000","538,060,000"
Gain (Loss) On Sale Of Assets,—,_blank,—,_blank,—,_blank,—,"-1,350,000",—,—,—,—
Other Unusual Items,—,—,—,—,_blank,_blank,—,—,—,—,—,—
"EBT, Incl. Unusual Items",_blank,_blank,_blank,_blank,_blank,_blank,"365,040,000","448,020,000","476,150,000","471,860,000","509,210,000","538,060,000"
Income Tax Expense,_blank,_blank,_blank,_blank,_blank,_blank,"72,190,000","90,780,000","126,600,000","80,530,000","127,850,000","129,220,000"
Earnings From Continuing Operations,_blank,_blank,_blank,_blank,_blank,_blank,"292,850,000","357,240,000","349,550,000","391,330,000","381,360,000","408,840,000"
Extraordinary Item & Accounting Change,—,—,—,_blank,—,_blank,—,"28,360,000",—,—,—,—
Minority Interest,_blank,_blank,_blank,_blank,_blank,_blank,"-33,320,000","-38,080,000","-33,440,000","-40,420,000","-47,310,000","-46,680,000"
Net Income,_blank,_blank,_blank,_blank,_blank,_blank,"259,530,000","347,520,000","316,110,000","350,910,000","334,050,000","362,160,000"
Net Income to Common Incl Extra Items,_blank,_blank,_blank,_blank,_blank,_blank,"259,530,000","347,520,000","316,110,000","350,910,000","334,050,000","362,160,000"
Net Income to Common Excl. Extra Items,_blank,_blank,_blank,_blank,_blank,_blank,"259,530,000","319,160,000","316,110,000","350,910,000","334,050,000","362,160,000"
Total Shares Outstanding,_blank,_blank,_blank,_blank,_blank,_blank,"6,551,724.1","6,352,802.3","6,767,096.1","6,765,727.1","6,765,460.9","6,765,797.9"
Weighted Avg. Shares Outstanding,_blank,_blank,_blank,_blank,_blank,_blank,"6,511,038.6","6,685,185.3","6,766,053.1","6,765,136.7","6,766,254.8","6,765,523.6"
Weighted Avg. Shares Outstanding Dil,_blank,_blank,_blank,_blank,_blank,_blank,"6,618,974.8","6,744,330.1","6,766,053.1","6,765,136.7","6,766,254.8","6,765,523.6"
EPS,_blank,_blank,_blank,_blank,_blank,_blank,39.9,52,46.7,51.9,49.4,53.5
EPS Diluted,_blank,_blank,_blank,_blank,_blank,_blank,39.2,51.5,46.7,51.9,49.4,53.5
EBITDA,_blank,_blank,_blank,_blank,_blank,_blank,"493,880,000","584,330,000","692,210,000","736,870,000","790,610,000","831,720,000"
