Metric,Jun '21,Sep '21,Dec '21,Mar '22,Jun '22,Sep '22,Dec '22,Mar '23,Jun '23,Sep '23,Dec '23,Mar '24
Total Revenues,_blank,_blank,_blank,_blank,_blank,_blank,"8,738,980,000","8,778,350,000","8,681,720,000","8,690,160,000","8,773,650,000","9,010,640,000"
Total Revenues % Chg.,_blank,_blank,_blank,_blank,_blank,_blank,36.1%,26.1%,11.4%,3.2%,0.4%,2.6%
"Cost of Goods Sold, Total",_blank,_blank,_blank,_blank,_blank,_blank,"5,971,860,000","5,884,830,000","5,742,670,000","5,670,600,000","5,689,810,000","5,853,430,000"
Gross Profit,_blank,_blank,_blank,_blank,_blank,_blank,"2,767,120,000","2,893,520,000","2,939,050,000","3,019,560,000","3,083,840,000","3,157,210,000"
"Selling General & Admin Expenses, Total",_blank,_blank,_blank,_blank,_blank,_blank,"237,010,000","248,720,000","254,960,000","252,730,000","253,250,000","256,790,000"
Depreciation & Amortization,_blank,_blank,_blank,_blank,_blank,_blank,"368,640,000","403,030,000","431,520,000","459,950,000","487,150,000","508,320,000"
Other Operating Expenses,_blank,_blank,_blank,_blank,_blank,_blank,"1,166,020,000","1,216,990,000","1,251,650,000","1,236,380,000","1,243,670,000","1,278,090,000"
"Other Operating Expenses, Total",_blank,_blank,_blank,_blank,_blank,_blank,"1,771,670,000","1,868,740,000","1,938,130,000","1,949,060,000","1,984,070,000","2,043,200,000"
Operating Income,_blank,_blank,_blank,_blank,_blank,_blank,"995,450,000","1,024,780,000","1,000,920,000","1,070,500,000","1,099,770,000","1,114,010,000"
"Interest Expense, Total",_blank,_blank,_blank,_blank,_blank,_blank,"-171,620,000","-189,580,000","-214,110,000","-219,750,000","-225,630,000","-231,180,000"
Interest And Investment Income,_blank,_blank,_blank,_blank,—,_blank,"125,700,000","112,780,000",—,"112,780,000","112,780,000",—
Net Interest Expenses,_blank,_blank,_blank,_blank,_blank,_blank,"-45,920,000","-76,800,000","-214,110,000","-106,970,000","-112,850,000","-231,180,000"
Income (Loss) On Equity Invest.,_blank,_blank,_blank,_blank,_blank,_blank,"710,000","240,000","920,000","2,860,000","3,080,000","3,870,000"
Currency Exchange Gains (Loss),_blank,_blank,_blank,_blank,—,_blank,"-5,690,000","-9,520,000",—,"-9,520,000","-9,520,000",—
Other Non Operating Income (Expenses),_blank,_blank,_blank,_blank,_blank,_blank,"-12,220,000","3,320,000","134,020,000","22,730,000","29,960,000","160,570,000"
"EBT, Excl. Unusual Items",_blank,_blank,_blank,_blank,_blank,_blank,"932,330,000","942,020,000","921,750,000","979,600,000","1,010,440,000","1,047,270,000"
Gain (Loss) On Sale Of Assets,_blank,_blank,_blank,_blank,—,_blank,"-1,350,000","-1,560,000",—,"-1,560,000","-1,560,000",—
Other Unusual Items,_blank,—,—,—,—,—,—,—,—,—,—,—
"EBT, Incl. Unusual Items",_blank,_blank,_blank,_blank,_blank,_blank,"930,980,000","940,460,000","921,750,000","978,040,000","1,008,880,000","1,047,270,000"
Income Tax Expense,_blank,_blank,_blank,_blank,_blank,_blank,"223,160,000","203,760,000","192,340,000","207,350,000","218,840,000","257,070,000"
Earnings From Continuing Operations,_blank,_blank,_blank,_blank,_blank,_blank,"707,820,000","736,700,000","729,410,000","770,690,000","790,040,000","790,200,000"
Earnings Of Discontinued Operations,—,—,—,_blank,—,—,—,"4,180,000","-380,000","2,000,000","1,000,000",—
Extraordinary Item & Accounting Change,_blank,_blank,_blank,_blank,_blank,_blank,—,—,—,—,—,—
Minority Interest,_blank,_blank,_blank,_blank,_blank,_blank,"-71,760,000","-73,860,000","-81,450,000","-87,730,000","-91,350,000","-93,990,000"
Net Income,_blank,_blank,_blank,_blank,_blank,_blank,"636,060,000","667,020,000","647,580,000","684,960,000","699,690,000","696,210,000"
Net Income to Common Incl Extra Items,_blank,_blank,_blank,_blank,_blank,_blank,"636,060,000","667,020,000","647,580,000","684,960,000","699,690,000","696,210,000"
Net Income to Common Excl. Extra Items,_blank,_blank,_blank,_blank,_blank,_blank,"636,060,000","662,840,000","647,960,000","682,960,000","698,690,000","696,210,000"
Total Shares Outstanding,_blank,_blank,_blank,_blank,_blank,_blank,"6,766,066.8","6,765,727.1","6,767,117.5","6,765,460.9","6,765,282.1","6,765,797.9"
Weighted Avg. Shares Outstanding,_blank,_blank,_blank,_blank,_blank,_blank,"6,764,343.9","6,765,551","6,766,059.3","6,765,651.8","6,765,496.9","6,765,889.2"
Weighted Avg. Shares Outstanding Dil,_blank,_blank,_blank,_blank,_blank,_blank,"6,768,694.3","6,766,155.8","6,766,059.3","6,766,256.6","6,766,101.7","6,765,889.2"
EPS,_blank,_blank,_blank,_blank,_blank,_blank,94,98.6,95.7,101.2,103.4,102.9
EPS Diluted,_blank,_blank,_blank,_blank,_blank,_blank,94,98.6,95.7,101.2,103.4,102.9
EBITDA,_blank,_blank,_blank,_blank,_blank,_blank,"1,261,362,500","1,383,330,000","1,438,450,000","1,485,970,000","1,503,867,500","1,622,330,000"
Effective Tax Rate,_blank,_blank,_blank,_blank,_blank,_blank,24%,21.7%,20.9%,21.2%,21.7%,24.5%
