Metric,Mar '15,Mar '16,Mar '17,Mar '18,Mar '19,Mar '20,Mar '21,Mar '22,Mar '23,Mar '24
Total Revenues,_blank,_blank,_blank,_blank,_blank,"5,975,350,000","4,669,240,000","6,959,630,000","8,778,350,000","9,010,640,000"
Total Revenues % Chg.,_blank,_blank,_blank,_blank,_blank,5%,-21.9%,49.1%,26.1%,2.6%
"Cost of Goods Sold, Total",_blank,_blank,_blank,_blank,_blank,"4,095,260,000","2,927,010,000","4,729,920,000","5,884,830,000","5,853,430,000"
Gross Profit,_blank,_blank,_blank,_blank,_blank,"1,880,090,000","1,742,230,000","2,229,710,000","2,893,520,000","3,157,210,000"
"Selling General & Admin Expenses, Total",_blank,_blank,_blank,_blank,_blank,"140,750,000","148,170,000","187,580,000","248,720,000","256,790,000"
Depreciation & Amortization,_blank,_blank,_blank,_blank,_blank,"222,030,000","265,720,000","297,820,000","403,030,000","508,320,000"
Other Operating Expenses,_blank,_blank,_blank,_blank,_blank,"844,150,000","793,290,000","951,920,000","1,216,990,000","1,278,090,000"
"Other Operating Expenses, Total",_blank,_blank,_blank,_blank,_blank,"1,206,930,000","1,207,180,000","1,437,320,000","1,868,740,000","2,043,200,000"
Operating Income,_blank,_blank,_blank,_blank,_blank,"673,160,000","535,050,000","792,390,000","1,024,780,000","1,114,010,000"
"Interest Expense, Total",_blank,_blank,_blank,_blank,_blank,"-198,610,000","-179,070,000","-144,380,000","-189,580,000","-231,180,000"
Interest And Investment Income,_blank,_blank,_blank,_blank,_blank,"96,480,000","104,050,000","125,700,000","112,780,000",—
Net Interest Expenses,_blank,_blank,_blank,_blank,_blank,"-102,130,000","-75,020,000","-18,680,000","-76,800,000","-231,180,000"
Income (Loss) On Equity Invest.,_blank,_blank,_blank,_blank,_blank,"1,070,000","5,160,000","2,950,000","240,000","3,870,000"
Currency Exchange Gains (Loss),_blank,_blank,_blank,_blank,_blank,"-23,450,000","-25,040,000","-5,690,000","-9,520,000",—
Other Non Operating Income (Expenses),_blank,_blank,_blank,_blank,_blank,"34,530,000","58,570,000","23,560,000","3,320,000","160,570,000"
"EBT, Excl. Unusual Items",_blank,_blank,_blank,_blank,_blank,"583,180,000","498,720,000","794,530,000","942,020,000","1,047,270,000"
Gain (Loss) On Sale Of Investments,_blank,_blank,—,—,—,—,—,—,—,—
Gain (Loss) On Sale Of Assets,_blank,_blank,_blank,_blank,_blank,"-2,680,000","-530,000","-1,350,000","-1,560,000",—
"EBT, Incl. Unusual Items",_blank,_blank,_blank,_blank,_blank,"580,500,000","498,190,000","793,180,000","940,460,000","1,047,270,000"
Income Tax Expense,_blank,_blank,_blank,_blank,_blank,"137,260,000","17,220,000","159,700,000","203,760,000","257,070,000"
Earnings From Continuing Operations,_blank,_blank,_blank,_blank,_blank,"443,240,000","480,970,000","633,480,000","736,700,000","790,200,000"
Earnings Of Discontinued Operations,—,—,—,—,—,—,—,"16,610,000","4,180,000",—
Extraordinary Item & Accounting Change,—,—,—,—,—,"-44,440,000","56,420,000","28,360,000",—,—
Minority Interest,_blank,_blank,_blank,_blank,_blank,"-5,260,000","-46,110,000","-71,400,000","-73,860,000","-93,990,000"
Net Income,_blank,_blank,_blank,_blank,_blank,"393,540,000","491,280,000","607,050,000","667,020,000","696,210,000"
Net Income to Common Incl Extra Items,_blank,_blank,_blank,_blank,_blank,"393,540,000","491,280,000","607,050,000","667,020,000","696,210,000"
Net Income to Common Excl. Extra Items,_blank,_blank,_blank,_blank,_blank,"437,980,000","434,860,000","562,080,000","662,840,000","696,210,000"
Total Shares Outstanding,_blank,_blank,_blank,_blank,_blank,"5,926,442.7","6,348,877.1","6,352,802.3","6,765,727.1","6,765,797.9"
Weighted Avg. Shares Outstanding,_blank,_blank,_blank,_blank,_blank,"6,240,186.5","6,432,874.8","6,598,112","6,765,551","6,765,889.2"
Weighted Avg. Shares Outstanding Dil,_blank,_blank,_blank,_blank,_blank,"6,240,469.9","6,532,138.9","6,681,652.4","6,766,155.8","6,765,889.2"
EPS,_blank,_blank,_blank,_blank,_blank,63.1,76.4,92,98.6,102.9
EPS Diluted,_blank,_blank,_blank,_blank,_blank,63.1,75.2,90.9,98.6,102.9
EBITDA,_blank,_blank,_blank,_blank,_blank,"895,190,000","800,770,000","1,090,210,000","1,383,330,000","1,622,330,000"
Effective Tax Rate,_blank,_blank,_blank,_blank,_blank,23.6%,3.5%,20.1%,21.7%,24.5%
