Metric,Mar '15,Mar '16,Mar '17,Mar '18,Mar '19,Mar '20,Mar '21,Mar '22,Mar '23,Mar '24
Gross Profit Margin,_blank,_blank,_blank,_blank,_blank,31.5%,37.3%,32%,33%,35%
EBITDA Margin,_blank,_blank,_blank,_blank,_blank,15%,17.1%,15.7%,15.8%,18%
Operating Margin,_blank,_blank,_blank,_blank,_blank,11.3%,11.5%,11.4%,11.7%,12.4%
Net Profit Margin,_blank,_blank,_blank,_blank,_blank,6.6%,10.5%,8.7%,7.6%,7.7%
Effective Tax Rate,_blank,_blank,_blank,_blank,_blank,23.6%,3.5%,20.1%,21.7%,24.5%
Pre-Tax Profit Margin,_blank,_blank,_blank,_blank,_blank,9.7%,10.7%,11.4%,10.7%,11.6%
Free Cash Flow Margin,_blank,_blank,_blank,_blank,_blank,3.1%,-16.9%,1.5%,-3%,0.7%
OCF / Sales,_blank,_blank,_blank,_blank,_blank,15.9%,5.8%,15.9%,13.1%,17.6%
OCF / Net Income,_blank,_blank,_blank,_blank,_blank,241.1%,54.9%,182.3%,172.5%,228.1%
FCF / OCF,_blank,_blank,_blank,_blank,_blank,19.4%,-292.6%,9.5%,-22.6%,3.7%
FCF / Net Income,_blank,_blank,_blank,_blank,_blank,46.7%,-160.6%,17.3%,-38.9%,8.5%
FCF / EBITDA,_blank,_blank,_blank,_blank,_blank,20.5%,-98.5%,9.6%,-18.8%,3.6%
