Metric,Sep '18,Mar '19,Sep '19,Mar '20,Sep '20,Mar '21,Sep '21,Mar '22,Sep '22,Mar '23,Sep '23,Mar '24
Pre-Tax Profit Margin,_blank,_blank,_blank,_blank,_blank,_blank,11.9%,11.4%,10.6%,11%,11.6%,11.7%
Free Cash Flow Margin,—,—,_blank,_blank,_blank,_blank,4%,-0.4%,-8.5%,2.8%,1.1%,0.2%
OCF / Sales,—,—,_blank,_blank,_blank,_blank,18.4%,13.8%,6.7%,19.8%,16.1%,19.1%
OCF / Net Income,—,—,_blank,_blank,_blank,_blank,217.8%,155.7%,95.1%,242.2%,212.1%,242.8%
FCF / OCF,—,—,_blank,_blank,_blank,_blank,21.6%,-3.2%,-127%,14.4%,7.1%,1%
FCF / Net Income,—,—,_blank,_blank,_blank,_blank,47.1%,-4.9%,-120.7%,34.8%,15.1%,2.4%
FCF / EBITDA,—,—,_blank,_blank,_blank,_blank,24.8%,-2.9%,-55.1%,17.6%,6.4%,1%
