Metric,Sep '18,Mar '19,Sep '19,Mar '20,Sep '20,Mar '21,Sep '21,Mar '22,Sep '22,Mar '23,Sep '23,Mar '24
Return on Invested Capital,_blank,_blank,_blank,_blank,_blank,_blank,4.9%,5%,5.3%,5.5%,5.8%,5.7%
Return on Assets,_blank,_blank,_blank,_blank,_blank,_blank,3.8%,4.1%,4.2%,4.1%,4.2%,4%
Return on Equity,_blank,_blank,_blank,_blank,_blank,_blank,6.4%,7%,7.4%,7.7%,8%,7.7%
Return on Capital Employed,_blank,_blank,_blank,_blank,_blank,_blank,6.1%,6.9%,7.8%,8.2%,8.5%,8.4%
Return on Tangible Assets,_blank,_blank,_blank,_blank,_blank,_blank,8%,9.3%,10.6%,12.2%,13%,12.4%
CapEx to OCF,—,—,_blank,_blank,_blank,_blank,0.8,1,2.3,0.9,0.9,1
CapEx to Revenue,—,—,_blank,_blank,_blank,_blank,0.1,0.1,0.2,0.2,0.1,0.2
CapEx to Depreciation,—,—,_blank,_blank,_blank,_blank,3.1,3.6,3.7,3.4,2.7,3.3
