Metric,Sep '18,Mar '19,Sep '19,Mar '20,Sep '20,Mar '21,Sep '21,Mar '22,Sep '22,Mar '23,Sep '23,Mar '24,LTM
Market Cap,_blank,_blank,_blank,_blank,_blank,_blank,"16,000,469,581.9","16,744,646,448.8","15,104,754,545.8","14,808,378,466.2","15,684,005,005.1","20,091,209,396.6","19,993,799,035.6"
Total Enterprise Value (TEV),_blank,_blank,_blank,_blank,_blank,_blank,"17,683,249,581.9","18,224,226,448.8","17,337,564,545.8","17,913,208,466.2","18,131,165,005.1","22,789,369,396.6","22,744,339,035.6"
Dividend Yield,_blank,_blank,_blank,_blank,_blank,_blank,0.3%,0.3%,0.3%,0.3%,0.4%,0.3%,0.3%
Buyback Yield,—,_blank,_blank,_blank,_blank,_blank,-0.8%,-2.4%,-1.8%,-0%,-0%,-0%,-0%
Debt Paydown Yield,—,_blank,_blank,_blank,_blank,_blank,1.6%,-0.5%,-1.7%,-2.5%,0.1%,-0.3%,-0.3%
Shareholder Yield,_blank,_blank,_blank,_blank,_blank,_blank,1.1%,-2.6%,-3.1%,-2.1%,0.5%,-0%,-0%
Stock Price,_blank,_blank,_blank,_blank,_blank,_blank,"2,519.3","2,634.8","2,377.8","2,331.1","2,318.2","2,969.6","2,955.1"
P/S,_blank,_blank,_blank,_blank,_blank,_blank,2.8,2.4,1.8,1.7,1.8,2.2,2.2
P/Gross Profit,_blank,_blank,_blank,_blank,_blank,_blank,8.2,7.5,5.7,5.1,5.2,6.4,6.3
P/E,_blank,_blank,_blank,_blank,_blank,_blank,32.2,31.3,25.3,23.8,23,28.9,28.7
Earnings Yield,_blank,_blank,_blank,_blank,_blank,_blank,3.1%,3.2%,4%,4.2%,4.4%,3.5%,3.5%
P/OCF,—,_blank,_blank,_blank,_blank,_blank,16.8,15.1,17.9,12.9,10.1,12.7,12.6
P/FCF,—,_blank,_blank,_blank,_blank,_blank,-602.2,159.3,-37.9,-57.1,91,340.2,338.6
FCF Yield,—,_blank,_blank,_blank,_blank,_blank,-0.2%,0.6%,-2.6%,-1.8%,1.1%,0.3%,0.3%
P/B,_blank,_blank,_blank,_blank,_blank,_blank,2.2,2.1,2,2.2,2.1,2.5,2.5
EV/Sales,_blank,_blank,_blank,_blank,_blank,_blank,3.1,2.6,2.1,2,2.1,2.5,2.5
EV/Gross Profit,_blank,_blank,_blank,_blank,_blank,_blank,9,8.2,6.6,6.2,6,7.2,7.2
EV/EBITDA,_blank,_blank,_blank,_blank,_blank,_blank,18.9,16.7,13.2,12.5,11.8,14,14
EV/EBIT,_blank,_blank,_blank,_blank,_blank,_blank,26.8,22.9,17.9,17.5,16.9,20.4,20.3
EV/OCF,—,_blank,_blank,_blank,_blank,_blank,18.6,16.5,20.6,15.6,11.6,14.4,14.3
EV/FCF,_blank,_blank,_blank,_blank,_blank,_blank,-37.3,50.4,-23.8,-112.3,42.7,-211.7,-211.3
