Metric,Mar '15,Mar '16,Mar '17,Mar '18,Mar '19,Mar '20,Mar '21,Mar '22,Mar '23,Mar '24
Return on Invested Capital,_blank,_blank,_blank,_blank,_blank,4.7%,4.4%,5.3%,5.9%,5.7%
Return on Assets,_blank,_blank,_blank,_blank,_blank,3.6%,4%,4.3%,4.3%,4.1%
Return on Equity,_blank,_blank,_blank,_blank,_blank,9.2%,7.8%,7.2%,7.8%,7.9%
Return on Total Capital,_blank,_blank,_blank,_blank,_blank,5.7%,3.6%,4.4%,5.5%,5.7%
Return on Capital Employed,_blank,_blank,_blank,_blank,_blank,9.4%,6%,7.1%,8.5%,8.7%
Return on Tangible Assets,_blank,_blank,_blank,_blank,_blank,13%,9.9%,9.1%,11.3%,12.7%
Receivables Turnover,_blank,_blank,_blank,_blank,_blank,24,24.1,32.6,33.7,30
Days Sales Outstanding,_blank,_blank,_blank,_blank,_blank,15.2,15.1,11.2,10.8,12.2
Payables Turnover,_blank,_blank,_blank,_blank,_blank,4,2.9,3.7,4.1,3.7
Days Payables Outstanding,_blank,_blank,_blank,_blank,_blank,90.3,124.9,98.1,90.1,99.6
Inventory Turnover,_blank,_blank,_blank,_blank,_blank,5.8,3.8,5,4.7,4
Days Inventory Outstanding,_blank,_blank,_blank,_blank,_blank,63.2,97,73.1,76.8,91.5
Cash Conversion Cycle,_blank,_blank,_blank,_blank,_blank,-11.8,-12.8,-13.8,-2.4,4.1
Asset Turnover,_blank,_blank,_blank,_blank,_blank,0.6,0.4,0.5,0.6,0.5
Fixed Asset Turnover,_blank,_blank,_blank,_blank,_blank,1.3,0.9,1.3,1.4,1.2
Operating Cycle,_blank,_blank,_blank,_blank,_blank,78.4,112.1,84.3,87.7,103.7
CapEx to OCF,_blank,_blank,_blank,_blank,_blank,0.8,3.9,0.9,1.2,1
CapEx to Revenue,_blank,_blank,_blank,_blank,_blank,0.1,0.2,0.1,0.2,0.2
CapEx to Depreciation,_blank,_blank,_blank,_blank,_blank,3.4,4,3.4,3.5,3
