Metric,Jun '21,Sep '21,Dec '21,Mar '22,Jun '22,Sep '22,Dec '22,Mar '23,Jun '23,Sep '23,Dec '23,Mar '24
Gross Profit Margin,_blank,_blank,_blank,_blank,_blank,_blank,31.7%,33%,33.9%,34.7%,35.1%,35%
EBITDA Margin,_blank,_blank,_blank,_blank,_blank,_blank,14.4%,15.8%,16.6%,17.1%,17.1%,18%
Operating Margin,_blank,_blank,_blank,_blank,_blank,_blank,11.4%,11.7%,11.5%,12.3%,12.5%,12.4%
Net Profit Margin,_blank,_blank,_blank,_blank,_blank,_blank,7.3%,7.6%,7.5%,7.9%,8%,7.7%
Effective Tax Rate,_blank,_blank,_blank,_blank,_blank,_blank,24%,21.7%,20.9%,21.2%,21.7%,24.5%
Pre-Tax Profit Margin,_blank,_blank,_blank,_blank,_blank,_blank,10.7%,10.7%,10.6%,11.3%,11.5%,11.6%
Free Cash Flow Margin,—,_blank,—,_blank,—,_blank,—,-3%,—,2%,—,0.7%
OCF / Sales,—,_blank,—,_blank,—,_blank,—,13.1%,—,17.9%,—,17.6%
OCF / Net Income,—,_blank,—,_blank,—,_blank,—,172.5%,—,227.5%,—,228.1%
FCF / OCF,—,_blank,—,_blank,—,_blank,—,-22.6%,—,11.1%,—,3.7%
FCF / Net Income,—,_blank,—,_blank,—,_blank,—,-38.9%,—,25.2%,—,8.5%
FCF / EBITDA,—,_blank,—,_blank,—,_blank,—,-18.8%,—,11.6%,—,3.6%
