Metric,Jun '21,Sep '21,Dec '21,Mar '22,Jun '22,Sep '22,Dec '22,Mar '23,Jun '23,Sep '23,Dec '23,Mar '24
Total Debt,_blank,_blank,_blank,_blank,_blank,_blank,"3,160,300,000","3,343,920,000","3,351,340,000","3,166,970,000","3,166,970,000","3,461,420,000"
Net Debt,_blank,_blank,_blank,_blank,_blank,_blank,"1,977,670,000","1,361,800,000","1,317,070,000","1,437,630,000","1,437,630,000","1,427,470,000"
Current Ratio,—,_blank,—,_blank,—,_blank,—,1.1,—,1.2,—,1.2
Quick Ratio,—,_blank,—,_blank,—,_blank,—,0.6,—,0.6,—,0.6
Cash Ratio,—,_blank,—,_blank,—,_blank,—,0.2,—,0.2,—,0.2
Debt Ratio,—,_blank,—,_blank,—,_blank,—,0.2,—,0.2,—,0.2
Assets to Equity,—,_blank,—,_blank,—,_blank,—,1.9,—,1.9,—,1.9
Long-term Debt to Assets,—,_blank,—,_blank,—,_blank,—,0.1,—,0.1,—,0.1
Intangibles to Total Assets,—,_blank,—,_blank,—,_blank,—,19.6%,—,19.9%,—,19.7%
Goodwill / Assets,—,_blank,—,_blank,—,_blank,—,0.9%,—,0.9%,—,0.9%
Debt / Equity,_blank,_blank,_blank,_blank,_blank,_blank,0.4,0.4,0.4,0.4,0.4,0.4
Total Debt / Capitalization,_blank,_blank,_blank,_blank,_blank,_blank,0.3,0.3,0.3,0.3,0.3,0.3
Long Term Debt / Capitalization,—,_blank,—,_blank,—,_blank,—,0.2,—,0.2,—,0.2
Long-Term Debt / Equity,—,_blank,—,_blank,—,_blank,—,0.2,—,0.3,—,0.3
Net Debt / EBITDA,_blank,_blank,_blank,—,_blank,_blank,6.2,3.7,3.6,3.5,3.9,3.4
EBIT / Interest Expense,_blank,_blank,_blank,—,_blank,_blank,4.8,4.6,4.5,5,4.8,5
EBITDA / Interest Expense,_blank,_blank,_blank,—,_blank,_blank,6.1,6.4,6.2,7.1,6.3,7.2
(EBITDA - Capex) / Interest Expense,_blank,_blank,_blank,—,_blank,_blank,6.1,6.4,6.2,7.1,6.3,7.2
