Metric,Jun '21,Sep '21,Dec '21,Mar '22,Jun '22,Sep '22,Dec '22,Mar '23,Jun '23,Sep '23,Dec '23,Mar '24,LTM
Market Cap,_blank,_blank,_blank,_blank,_blank,_blank,"16,181,483,508.8","14,808,378,466.2","16,202,463,000.4","15,684,005,005.1","17,524,963,425.3","20,091,209,396.6","19,993,799,035.6"
Total Enterprise Value (TEV),_blank,_blank,_blank,_blank,_blank,_blank,"19,286,313,508.8","17,913,208,466.2","18,649,623,000.4","18,131,165,005.1","20,223,123,425.3","22,789,369,396.6","22,744,339,035.6"
Dividend Yield,_blank,_blank,_blank,_blank,_blank,_blank,0.3%,0.3%,0.3%,0.4%,0.3%,0.3%,0.3%
Buyback Yield,—,_blank,—,_blank,—,_blank,-1.6%,-0%,—,-0%,—,-0%,-0%
Debt Paydown Yield,—,_blank,—,_blank,—,_blank,-1.6%,-2.5%,—,0.1%,—,-0.3%,-0.3%
Shareholder Yield,_blank,_blank,_blank,_blank,_blank,_blank,-2.9%,-2.1%,0.3%,0.5%,0.3%,-0%,-0%
Stock Price,_blank,_blank,_blank,_blank,_blank,_blank,"2,547.2","2,331.1","2,550.3","2,318.2","2,590.3","2,969.6","2,955.1"
P/S,_blank,_blank,_blank,_blank,_blank,_blank,1.9,1.7,1.9,1.8,2,2.2,2.2
P/Gross Profit,_blank,_blank,_blank,_blank,_blank,_blank,6.1,5.1,5.5,5.2,5.7,6.4,6.3
P/E,_blank,_blank,_blank,_blank,_blank,_blank,27.1,23.8,26.6,23,25.1,28.9,28.7
Earnings Yield,_blank,_blank,_blank,_blank,_blank,_blank,3.7%,4.2%,3.8%,4.4%,4%,3.5%,3.5%
P/OCF,—,_blank,—,_blank,—,_blank,19.2,12.9,—,10.1,—,12.7,12.6
P/FCF,—,_blank,—,_blank,—,_blank,-40.6,-57.1,—,91,—,340.2,338.6
FCF Yield,—,_blank,—,_blank,—,_blank,-2.5%,-1.8%,—,1.1%,—,0.3%,0.3%
P/B,_blank,_blank,_blank,_blank,_blank,_blank,2.2,2.2,2.1,2.1,2.3,2.5,2.5
EV/Sales,_blank,_blank,_blank,_blank,_blank,_blank,2.3,2,2.1,2.1,2.3,2.5,2.5
EV/Gross Profit,_blank,_blank,_blank,_blank,_blank,_blank,7.3,6.2,6.3,6,6.6,7.2,7.2
EV/EBITDA,_blank,_blank,_blank,_blank,_blank,_blank,14.7,12.5,18.6,11.8,18.4,14,14
EV/EBIT,_blank,_blank,_blank,_blank,_blank,_blank,20,17.5,18.6,16.9,18.3,20.4,20.3
EV/OCF,—,_blank,—,_blank,—,_blank,22.9,15.6,—,11.6,—,14.4,14.3
EV/FCF,_blank,_blank,_blank,_blank,_blank,_blank,-26.4,-112.3,31.6,42.7,30.8,-211.7,-211.3
