Metric,Jun '21,Sep '21,Dec '21,Mar '22,Jun '22,Sep '22,Dec '22,Mar '23,Jun '23,Sep '23,Dec '23,Mar '24
Revenue per Share,_blank,_blank,_blank,_blank,_blank,_blank,"1,291.9","1,297.5","1,283.1","1,284.5","1,296.8","1,331.8"
EPS,_blank,_blank,_blank,_blank,_blank,_blank,94,98.6,95.7,101.2,103.4,102.9
EPS Diluted,_blank,_blank,_blank,_blank,_blank,_blank,94,98.6,95.7,101.2,103.4,102.9
Book Value per Share,_blank,_blank,_blank,_blank,_blank,_blank,"1,167.5","1,058.1","1,213.5","1,110.4","1,110.4","1,172.8"
Tangible Book Value per Share,_blank,_blank,_blank,_blank,_blank,_blank,671.5,569.2,726.9,594.5,594.5,640.1
Cash per Share,_blank,_blank,_blank,_blank,_blank,_blank,71.3,101.5,110.4,101.7,101.7,143.7
Operating Cash Flow per Share,—,_blank,—,_blank,—,_blank,—,170,—,230.3,—,234.7
Free Cash Flow per Share,—,_blank,—,_blank,—,_blank,—,-38.4,—,25.5,—,8.7
CapEx per Share,—,_blank,—,_blank,—,_blank,—,208.4,—,204.8,—,226
