Metric,Sep '18,Mar '19,Sep '19,Mar '20,Sep '20,Mar '21,Sep '21,Mar '22,Sep '22,Mar '23,Sep '23,Mar '24
Revenue per Share,_blank,—,_blank,—,_blank,—,472.4,—,664.1,—,649.5,—
EPS,_blank,_blank,_blank,_blank,_blank,_blank,39.9,52,46.7,51.9,49.4,53.5
EPS Diluted,_blank,_blank,_blank,_blank,_blank,_blank,39.2,51.5,46.7,51.9,49.4,53.5
Book Value per Share,_blank,_blank,_blank,_blank,_blank,_blank,"1,132.2","1,227","1,167.5","1,058.1","1,110.4","1,172.8"
Tangible Book Value per Share,_blank,_blank,_blank,_blank,_blank,_blank,802.8,862.1,671.5,569.2,594.5,640.1
Cash per Share,_blank,_blank,_blank,_blank,_blank,_blank,29.1,56.9,71.3,101.5,101.7,143.7
Operating Cash Flow per Share,—,—,_blank,_blank,_blank,_blank,85.4,80.2,44.4,125.6,104.7,130
Free Cash Flow per Share,—,—,_blank,_blank,_blank,_blank,18.5,-2.5,-56.4,18,7.4,1.3
CapEx per Share,—,—,_blank,_blank,_blank,_blank,66.9,82.8,100.8,107.6,97.3,128.7
