Metric,Mar '15,Mar '16,Mar '17,Mar '18,Mar '19,Mar '20,Mar '21,Mar '22,Mar '23,Mar '24
Revenue per Share,_blank,_blank,_blank,_blank,_blank,957.6,725.8,"1,054.8","1,297.5","1,331.8"
EPS,_blank,_blank,_blank,_blank,_blank,63.1,76.4,92,98.6,102.9
EPS Diluted,_blank,_blank,_blank,_blank,_blank,63.1,75.2,90.9,98.6,102.9
Book Value per Share,_blank,_blank,_blank,_blank,_blank,757.9,"1,102.8","1,227","1,058.1","1,172.8"
Tangible Book Value per Share,_blank,_blank,_blank,_blank,_blank,510.3,874.5,862.1,569.2,640.1
Cash per Share,_blank,_blank,_blank,_blank,_blank,52.2,27.4,56.9,101.5,143.7
Operating Cash Flow per Share,_blank,_blank,_blank,_blank,_blank,152,41.3,165.6,170,234.7
Free Cash Flow per Share,_blank,_blank,_blank,_blank,_blank,29.4,-120.8,15.7,-38.4,8.7
CapEx per Share,_blank,_blank,_blank,_blank,_blank,122.6,162,149.9,208.4,226
