Metric,Sep '20,Mar '21,Sep '21,Mar '22,Sep '22,Mar '23,Sep '23,Mar '24,NTM,FY2026,FY2027,FY2028
Forward P/S,_blank,_blank,2.2,3.6,1.6,2.9,2.4,3.7,3.6,_blank,_blank,_blank
Forward P/E,_blank,_blank,23,41.4,22,37.5,33.9,41.1,40.9,_blank,_blank,_blank
Forward Earnings Yield,_blank,_blank,4.3%,2.4%,4.6%,2.7%,3%,2.4%,2.4%,_blank,_blank,_blank
Forward P/OCF,_blank,_blank,13.9,18,11.4,31.5,31.7,25.8,25.7,_blank,_blank,_blank
Forward P/FCF,_blank,_blank,28.5,20.1,97.2,54.6,55.2,155.7,155,_blank,_blank,—
Forward FCF Yield,_blank,_blank,3.5%,5%,1%,1.8%,1.8%,0.6%,0.6%,_blank,_blank,—
Forward EV/Sales,_blank,_blank,2.4,3.9,1.8,3.5,2.8,4.2,4.1,_blank,_blank,_blank
Forward EV/EBITDA,_blank,_blank,14,26.8,11.2,24.6,24,28.6,28.5,_blank,_blank,_blank
Forward EV/EBIT,_blank,_blank,18.5,31.8,14.8,33.9,29.8,36.1,36,_blank,_blank,—
Forward EV/OCF,_blank,_blank,15.4,19.6,13,38.1,36.6,29.3,29.2,_blank,_blank,_blank
Forward EV/FCF,_blank,_blank,31.5,21.9,111.6,66.1,63.8,176.7,176.3,_blank,_blank,—
