Metric,Mar '15,Mar '16,Mar '17,Mar '18,Mar '19,Mar '20,Mar '21,Mar '22,Mar '23,Mar '24
Total Debt,_blank,_blank,_blank,_blank,_blank,"3,449,910,000","2,601,250,000","2,819,740,000","3,343,920,000","3,461,420,000"
Net Debt,_blank,_blank,_blank,_blank,_blank,"2,254,290,000","768,080,000","1,250,720,000","1,361,800,000","1,427,470,000"
Current Ratio,_blank,_blank,_blank,_blank,_blank,0.6,1.3,1.1,1.1,1.2
Quick Ratio,_blank,_blank,_blank,_blank,_blank,0.3,0.9,0.6,0.6,0.6
Cash Ratio,_blank,_blank,_blank,_blank,_blank,0.1,0.1,0.1,0.2,0.2
Debt Ratio,_blank,_blank,_blank,_blank,_blank,0.3,0.2,0.2,0.2,0.2
Assets to Equity,_blank,_blank,_blank,_blank,_blank,2.5,1.7,1.7,1.9,1.9
Cash Flow to Debt Ratio,_blank,_blank,_blank,_blank,_blank,0.3,0.1,0.4,0.3,0.5
Long-term Debt to Assets,_blank,_blank,_blank,_blank,_blank,0.2,0.1,0.1,0.1,0.1
Intangibles to Total Assets,_blank,_blank,_blank,_blank,_blank,11.7%,10.2%,14.6%,19.6%,19.7%
Goodwill / Assets,_blank,_blank,_blank,_blank,_blank,0.9%,0.8%,0.9%,0.9%,0.9%
Debt / Equity,_blank,_blank,_blank,_blank,_blank,0.7,0.3,0.3,0.4,0.4
Total Debt / Capitalization,_blank,_blank,_blank,_blank,_blank,0.4,0.2,0.2,0.3,0.3
Long Term Debt / Capitalization,_blank,_blank,_blank,_blank,_blank,0.3,0.2,0.2,0.2,0.2
Long-Term Debt / Equity,_blank,_blank,_blank,_blank,_blank,0.4,0.2,0.2,0.2,0.3
Net Debt / EBITDA,_blank,_blank,_blank,_blank,_blank,2.5,1,1.1,1,0.9
EBIT / Interest Expense,_blank,_blank,_blank,_blank,_blank,3.4,3,5.5,5.4,4.8
EBITDA / Interest Expense,_blank,_blank,_blank,_blank,_blank,4.5,4.5,7.6,7.3,7
(EBITDA - Capex) / Interest Expense,_blank,_blank,_blank,_blank,_blank,0.7,-1.4,0.6,-0.1,0.4
