Metric,Mar '15,Mar '16,Mar '17,Mar '18,Mar '19,Mar '20,Mar '21,Mar '22,Mar '23,Mar '24,LTM
Market Cap,_blank,_blank,_blank,_blank,_blank,"6,600,575,539.3","12,718,170,632.4","16,744,646,448.8","14,808,378,466.2","20,091,209,396.6","19,993,799,035.6"
Total Enterprise Value (TEV),_blank,_blank,_blank,_blank,_blank,"8,261,975,539.3","14,210,700,632.4","18,224,226,448.8","17,913,208,466.2","22,789,369,396.6","22,744,339,035.6"
Dividend Yield,_blank,_blank,_blank,_blank,_blank,0.6%,0.3%,0.3%,0.3%,0.3%,0.3%
Buyback Yield,_blank,_blank,_blank,_blank,_blank,-0%,-1%,-2.4%,-0%,-0%,-0%
Debt Paydown Yield,_blank,_blank,_blank,_blank,_blank,-5.2%,6.7%,-0.5%,-2.5%,-0.3%,-0.3%
Shareholder Yield,_blank,_blank,_blank,_blank,_blank,-4.6%,5.9%,-2.6%,-2.1%,-0%,-0%
Stock Price,_blank,_blank,_blank,_blank,_blank,"1,113.8","2,003.1","2,634.8","2,331.1","2,969.6","2,955.1"
P/S,_blank,_blank,_blank,_blank,_blank,1.1,2.7,2.4,1.7,2.2,2.2
P/Gross Profit,_blank,_blank,_blank,_blank,_blank,3.5,7.3,7.5,5.1,6.4,6.3
P/E,_blank,_blank,_blank,_blank,_blank,15.9,30.1,31.3,23.8,28.9,28.7
Earnings Yield,_blank,_blank,_blank,_blank,_blank,6.3%,3.3%,3.2%,4.2%,3.5%,3.5%
P/OCF,_blank,_blank,_blank,_blank,_blank,7,47.2,15.1,12.9,12.7,12.6
P/FCF,_blank,_blank,_blank,_blank,_blank,36,-16.1,159.3,-57.1,340.2,338.6
FCF Yield,_blank,_blank,_blank,_blank,_blank,2.8%,-6.2%,0.6%,-1.8%,0.3%,0.3%
P/B,_blank,_blank,_blank,_blank,_blank,1.5,1.8,2.1,2.2,2.5,2.5
EV/Sales,_blank,_blank,_blank,_blank,_blank,1.4,3,2.6,2,2.5,2.5
EV/Gross Profit,_blank,_blank,_blank,_blank,_blank,4.4,8.2,8.2,6.2,7.2,7.2
EV/EBITDA,_blank,_blank,_blank,_blank,_blank,9.2,17.7,16.7,12.5,14,14
EV/EBIT,_blank,_blank,_blank,_blank,_blank,12.3,26.3,22.9,17.5,20.4,20.3
EV/OCF,_blank,_blank,_blank,_blank,_blank,8.7,52.7,16.5,15.6,14.4,14.3
EV/FCF,_blank,_blank,_blank,_blank,_blank,17,-7.2,50.4,-112.3,-211.7,-211.3
