Metric,Jun '21,Sep '21,Dec '21,Jun '22,Sep '22,Dec '22,Mar '23,Jun '23,Sep '23,Dec '23,Mar '24
Gross Profit Margin,_blank,_blank,_blank,_blank,_blank,32.9%,35.6%,36.6%,34.1%,34.5%,35.1%
EBITDA Margin,_blank,_blank,_blank,_blank,_blank,14.6%,16.9%,17.5%,17.5%,16.3%,17.6%
Operating Margin,_blank,_blank,_blank,_blank,_blank,11.5%,12.7%,12.7%,12.2%,12.3%,12.2%
Net Profit Margin,_blank,_blank,_blank,_blank,_blank,7.3%,9.1%,7.7%,7.5%,7.7%,8%
Effective Tax Rate,_blank,_blank,_blank,_blank,_blank,22.8%,11.6%,25.1%,25.1%,24.4%,23.6%
Pre-Tax Profit Margin,_blank,_blank,_blank,_blank,_blank,10.6%,11.3%,11.7%,11.5%,11.5%,11.8%
