Metric,Jun '21,Sep '21,Dec '21,Mar '22,Jun '22,Sep '22,Dec '22,Mar '23,Jun '23,Sep '23,Dec '23,Mar '24
Return on Invested Capital,—,_blank,—,_blank,—,_blank,—,5.9%,—,5.8%,—,5.7%
Return on Assets,—,_blank,—,_blank,—,_blank,—,4.3%,—,4.1%,—,4.1%
Return on Equity,_blank,_blank,_blank,_blank,_blank,_blank,7.3%,7.8%,7.1%,7.7%,7.9%,7.9%
Return on Total Capital,_blank,_blank,_blank,_blank,_blank,_blank,5.3%,5.5%,5.1%,5.5%,5.7%,5.7%
Return on Capital Employed,—,_blank,—,_blank,—,_blank,—,8.5%,—,8.3%,—,8.7%
Return on Tangible Assets,—,_blank,—,_blank,—,_blank,—,11.3%,—,12.2%,—,12.7%
Receivables Turnover,—,_blank,—,_blank,—,_blank,—,33.7,—,27.7,—,30
Days Sales Outstanding,—,_blank,—,_blank,—,_blank,—,10.8,—,13.2,—,12.2
Payables Turnover,—,_blank,—,_blank,—,_blank,—,4.1,—,3.8,—,3.7
Days Payables Outstanding,—,_blank,—,_blank,—,_blank,—,90.1,—,97.1,—,99.6
Inventory Turnover,—,_blank,—,_blank,—,_blank,—,4.7,—,4.1,—,4
Days Inventory Outstanding,—,_blank,—,_blank,—,_blank,—,76.8,—,89.8,—,91.5
Cash Conversion Cycle,—,_blank,—,_blank,—,_blank,—,-2.4,—,5.9,—,4.1
Asset Turnover,—,_blank,—,_blank,—,_blank,—,0.6,—,0.5,—,0.5
Fixed Asset Turnover,—,_blank,—,_blank,—,_blank,—,1.4,—,1.3,—,1.2
Operating Cycle,—,_blank,—,_blank,—,_blank,—,87.7,—,103,—,103.7
CapEx to OCF,—,_blank,—,_blank,—,_blank,—,1.2,—,0.9,—,1
CapEx to Revenue,—,_blank,—,_blank,—,_blank,—,0.2,—,0.2,—,0.2
CapEx to Depreciation,—,_blank,—,_blank,—,_blank,—,3.5,—,3,—,3
