Metric,Sep '18,Mar '19,Sep '19,Mar '20,Sep '20,Mar '21,Sep '21,Mar '22,Sep '22,Mar '23,Sep '23,Mar '24
Total Debt,_blank,_blank,_blank,_blank,_blank,_blank,"2,639,180,000","2,819,740,000","3,160,300,000","3,343,920,000","3,166,970,000","3,461,420,000"
Net Debt,_blank,_blank,_blank,_blank,_blank,_blank,"441,550,000","1,250,720,000","1,977,670,000","1,361,800,000","1,437,630,000","1,427,470,000"
Cash Ratio,_blank,_blank,_blank,_blank,_blank,_blank,0.1,0.1,0.1,0.2,0.2,0.2
Debt Ratio,_blank,_blank,_blank,_blank,_blank,_blank,0.2,0.2,0.2,0.2,0.2,0.2
Assets to Equity,_blank,_blank,_blank,_blank,_blank,_blank,1.7,1.7,1.8,1.9,1.9,1.9
Cash Flow to Debt Ratio,—,—,_blank,_blank,_blank,_blank,0.2,0.2,0.1,0.3,0.2,0.3
Long-term Debt to Assets,_blank,_blank,_blank,_blank,_blank,_blank,0.1,0.1,0.1,0.1,0.1,0.1
Intangibles to Total Assets,_blank,_blank,_blank,_blank,_blank,_blank,14.3%,14.6%,19.8%,19.6%,19.9%,19.7%
Goodwill / Assets,_blank,_blank,_blank,_blank,_blank,_blank,0.8%,0.9%,0.8%,0.9%,0.9%,0.9%
Net Debt / EBITDA,_blank,_blank,_blank,_blank,_blank,_blank,0.9,2.1,2.9,1.8,1.8,1.7
EBIT / Interest Expense,_blank,_blank,_blank,_blank,_blank,_blank,4.9,6.4,5.9,4.7,4.7,4.9
EBITDA / Interest Expense,_blank,_blank,_blank,_blank,_blank,_blank,6.8,8.1,8.1,6.7,6.8,7.2
(EBITDA - Capex) / Interest Expense,_blank,_blank,_blank,_blank,_blank,_blank,0.7,0.4,0.1,0.1,1.1,-0.3
