Metric,Mar '23,Mar '24,NTM,FY2026,FY2027,FY2028
Forward P/S,2.9,3.7,3.6,_blank,_blank,_blank
Forward P/E,37.5,41.1,40.9,_blank,_blank,_blank
Forward Earnings Yield,2.7%,2.4%,2.4%,_blank,_blank,_blank
Forward P/OCF,31.5,25.8,25.7,_blank,_blank,_blank
Forward P/FCF,54.6,155.7,155,_blank,_blank,—
Forward FCF Yield,1.8%,0.6%,0.6%,_blank,_blank,—
Forward EV/Sales,3.5,4.2,4.1,_blank,_blank,_blank
Forward EV/EBITDA,24.6,28.6,28.5,_blank,_blank,_blank
Forward EV/EBIT,33.9,36.1,36,_blank,_blank,—
Forward EV/OCF,38.1,29.3,29.2,_blank,_blank,_blank
Forward EV/FCF,66.1,176.7,176.3,_blank,_blank,—
