Metric,Jun '21,Sep '21,Dec '21,Mar '22,Jun '22,Sep '22,Dec '22,Mar '23,Jun '23,Sep '23,Dec '23,Mar '24
Revenue per Share,_blank,_blank,_blank,—,_blank,_blank,321,314.7,306.7,342.7,332.7,349.6
EPS,_blank,_blank,_blank,—,_blank,_blank,23.3,28.5,23.7,25.7,25.5,28
EPS Diluted,_blank,_blank,_blank,—,_blank,_blank,23.3,28.5,23.7,25.7,25.5,28
Book Value per Share,_blank,_blank,_blank,_blank,_blank,_blank,"1,167.5","1,058.1","1,213.5","1,110.4","1,110.4","1,172.8"
Tangible Book Value per Share,_blank,_blank,_blank,_blank,_blank,_blank,671.5,569.2,726.9,594.5,594.5,640.1
Cash per Share,_blank,_blank,_blank,_blank,_blank,_blank,71.3,101.5,110.4,101.7,101.7,143.7
