Metric,Mar '17,Mar '18,Mar '19,Mar '20,Mar '21,Mar '22,Mar '23
Total Employees,_blank,_blank,_blank,"195,618","236,334","342,982","389,414"
Revenue per Employee,—,_blank,_blank,"30,668.5","21,619.3","24,027.1","23,971.6"
Gross Profit per Employee,—,_blank,_blank,"9,649.6","8,066.8","7,697.7","7,901.5"
Operating Profit per Employee,—,_blank,_blank,"3,455","2,477.4","2,735.6","2,798.4"
Net Income per Employee,—,_blank,_blank,"2,019.8","2,274.7","2,095.7","1,821.5"
Free Cash Flow per Employee,—,_blank,_blank,942.3,"-3,652.2",362.8,-708.8
