Metric,Jun '22,Sep '22,Dec '22,Mar '23,Jun '23,Sep '23,Dec '23,Mar '24,NTM,FY2026,FY2027,FY2028
Forward P/S,_blank,_blank,1.7,2.9,2.5,2.4,3.4,3.7,3.6,_blank,_blank,_blank
Forward P/E,_blank,_blank,23.5,37.5,36.1,33.9,37.9,41.1,40.9,_blank,_blank,_blank
Forward Earnings Yield,_blank,_blank,4.3%,2.7%,2.8%,3%,2.6%,2.4%,2.4%,_blank,_blank,_blank
Forward P/OCF,_blank,_blank,12.2,31.5,32,31.7,33.9,25.8,25.7,_blank,_blank,_blank
Forward P/FCF,_blank,_blank,104.1,54.6,48.3,55.2,55.5,155.7,155,_blank,_blank,—
Forward FCF Yield,_blank,_blank,1%,1.8%,2.1%,1.8%,1.8%,0.6%,0.6%,_blank,_blank,—
Forward EV/Sales,_blank,_blank,2.1,3.5,2.9,2.8,3.9,4.2,4.1,_blank,_blank,_blank
Forward EV/EBITDA,_blank,_blank,12.5,24.6,24.1,24,26.3,28.6,28.5,_blank,_blank,_blank
Forward EV/EBIT,_blank,_blank,16.5,33.9,28.7,29.8,36.5,36.1,36,_blank,_blank,—
Forward EV/OCF,_blank,_blank,14.5,38.1,36.9,36.6,39.1,29.3,29.2,_blank,_blank,_blank
Forward EV/FCF,_blank,_blank,124.1,66.1,55.6,63.8,64.1,176.7,176.3,_blank,_blank,—
