Revenue,Sep '20,Dec '20,Mar '21,Jun '21,Sep '21,Dec '21,Mar '22,Jun '22,Sep '22,Dec '22,Mar '23,Jun '23,Sep '23,Dec '23,Mar '24
O2C Revenue,_blank,_blank,_blank,_blank,_blank,_blank,_blank,_blank,_blank,_blank,"5,946,500,000","5,659,660,000","5,542,830,000","5,507,490,000","5,647,490,000"
Oil and Gas Revenue,_blank,_blank,_blank,_blank,_blank,_blank,_blank,_blank,_blank,_blank,"165,080,000","175,150,000","202,820,000","225,270,000","244,390,000"
Retail Revenue,_blank,_blank,_blank,_blank,_blank,_blank,_blank,_blank,_blank,_blank,"2,603,990,000","2,718,010,000","2,840,340,000","2,994,400,000","3,068,480,000"
Digital Services Revenue,_blank,_blank,_blank,_blank,_blank,_blank,_blank,_blank,_blank,_blank,"1,197,900,000","1,233,550,000","1,264,520,000","1,295,720,000","1,329,380,000"
Financial Services Revenue,_blank,_blank,_blank,_blank,_blank,_blank,_blank,_blank,_blank,_blank,"8,980,000",—,—,—,—
Other Revenue,_blank,_blank,_blank,_blank,_blank,_blank,_blank,_blank,_blank,_blank,"884,550,000","910,920,000","893,520,000","824,570,000","805,160,000"
Other Revenue,_blank,_blank,_blank,_blank,_blank,_blank,_blank,_blank,_blank,_blank,"-2,028,650,000","-2,015,570,000","-2,053,870,000","-2,073,800,000","-2,084,260,000"
Total Revenue,_blank,_blank,_blank,_blank,_blank,_blank,_blank,_blank,_blank,_blank,"8,778,350,000","8,681,720,000","8,690,160,000","8,773,650,000","9,010,640,000"
