Revenue,Mar '13,Mar '14,Mar '15,Mar '16,Mar '17,Mar '18,Mar '19,Mar '20,Mar '21,Mar '22,Mar '23,Mar '24
O2C Revenue,—,_blank,_blank,_blank,_blank,_blank,_blank,_blank,_blank,_blank,"5,946,500,000","5,647,490,000"
Oil and Gas Revenue,_blank,_blank,_blank,_blank,_blank,_blank,_blank,_blank,_blank,_blank,"165,080,000","244,390,000"
Retail Revenue,—,_blank,_blank,_blank,_blank,_blank,_blank,_blank,_blank,_blank,"2,603,940,000","3,068,480,000"
Digital Services Revenue,—,—,—,—,_blank,_blank,_blank,_blank,_blank,_blank,"1,197,910,000","1,329,380,000"
Financial Services Revenue,—,—,—,—,—,—,_blank,_blank,_blank,_blank,—,—
Other Revenue,—,_blank,_blank,_blank,_blank,_blank,_blank,_blank,_blank,_blank,"884,550,000","805,160,000"
Other Revenue,_blank,_blank,_blank,—,—,_blank,_blank,_blank,_blank,_blank,"-2,019,630,000","-2,084,260,000"
Total Revenue,_blank,_blank,_blank,_blank,_blank,_blank,_blank,_blank,_blank,_blank,"8,778,350,000","9,010,640,000"
