Revenue,Dec '19,Mar '20,Jun '20,Sep '20,Dec '20,Mar '21,Jun '21,Sep '21,Dec '21,Mar '22,Jun '22,Sep '22,Dec '22,Mar '23,Jun '23,Sep '23,Dec '23,Mar '24
O2C Revenue,_blank,_blank,_blank,_blank,_blank,_blank,_blank,_blank,_blank,_blank,_blank,_blank,_blank,"1,286,340,000","1,330,310,000","1,479,880,000","1,410,960,000","1,426,340,000"
Oil and Gas Revenue,_blank,_blank,_blank,_blank,_blank,_blank,_blank,_blank,_blank,_blank,_blank,_blank,_blank,"45,560,000","46,320,000","66,200,000","67,190,000","64,680,000"
Retail Revenue,_blank,_blank,_blank,_blank,_blank,_blank,_blank,_blank,_blank,_blank,_blank,_blank,_blank,"692,750,000","699,620,000","771,630,000","830,400,000","766,830,000"
Digital Services Revenue,_blank,_blank,_blank,_blank,_blank,_blank,_blank,_blank,_blank,_blank,_blank,_blank,_blank,"313,750,000","320,770,000","326,570,000","334,630,000","347,410,000"
Financial Services Revenue,_blank,_blank,_blank,_blank,_blank,_blank,_blank,_blank,_blank,_blank,_blank,_blank,_blank,"1,340,000",—,—,—,—
Other Revenue,_blank,_blank,_blank,_blank,_blank,_blank,_blank,_blank,_blank,_blank,_blank,_blank,_blank,"330,400,000","178,270,000","191,140,000","124,760,000","310,990,000"
Other Revenue,—,_blank,_blank,_blank,_blank,_blank,_blank,_blank,_blank,—,_blank,_blank,_blank,"-540,690,000","-499,700,000","-516,560,000","-517,080,000","-550,920,000"
Total Revenue,_blank,_blank,_blank,_blank,_blank,_blank,_blank,_blank,_blank,_blank,_blank,_blank,_blank,"2,129,450,000","2,075,590,000","2,318,860,000","2,250,860,000","2,365,330,000"
