Date,Stocks Portfolio,Mutual Fund
2018-04-05,0.015695071598157417,0.004792055706696496
2018-04-06,-0.0005476950319464047,-0.0002744864131095648
2018-04-09,-0.003738309156591235,-0.0007354066114027002
2018-04-10,0.0033965005496134903,-0.0029438849136309564
2018-04-11,0.02205735946192733,-0.003097779508569598
2018-04-12,0.025691078685366797,0.0007527483789546707
2018-04-13,0.006741240058210751,0.002522985539474165
2018-04-16,0.0063772727473248025,-0.0007454092764275222
2018-04-17,-0.0016084676315346602,2.7141379728812254e-05
2018-04-18,-0.003868352626160032,-0.0020975303235644116
2018-04-19,0.008188327116065208,-0.002464543715912315
2018-04-20,0.0376385468343563,-0.002688280080009653
2018-04-23,0.0041206315780200065,0.0004413871285799953
2018-04-24,0.007668718384449935,0.0017971072870024418
2018-04-25,0.01655631779179445,-0.0007695218384030644
2018-04-26,0.01484641872154624,-0.0008666503317641405
2018-04-27,-0.009203641736202028,-0.002168552434998472
2018-05-02,0.0008804867879068645,0.0011524805476272881
2018-05-03,-0.007236557990448644,-0.0008708416530319729
2018-05-04,-0.002879485991763797,-0.0018200181537694204
2018-05-07,-0.0054775526427673915,0.0028582213647421195
2018-05-08,0.0025243821313754022,0.0011855994984337759
2018-05-09,0.012602500110068693,-0.002945745416109591
2018-05-10,-0.005670227152711038,-0.0018710211534680443
2018-05-11,0.0039104798094216076,0.0018571497082415789
2018-05-14,-0.005363881665293668,-0.0027805606449717857
2018-05-15,0.006655692473624075,-0.0021379543259878453
2018-05-16,-0.00572654182657617,0.000681663712885916
2018-05-17,-0.004167834521112246,0.0011229889459316578
2018-05-18,-0.002064860329117346,0.00027917242491493077
2018-05-21,0.009622016976978509,-0.000331472259659793
2018-05-22,-0.01069643964363276,0.0011616311408433333
2018-05-23,-0.007747580294547585,-0.0027338273402299773
2018-05-24,0.022308016111020512,0.0009412667814638898
2018-05-25,-0.0016762433832406831,0.0032425705997480847
2018-05-28,-0.01603174474113289,0.005042186091123613
2018-05-29,0.0030964212234643185,-0.001014268075544278
2018-05-30,-0.00228190255397398,0.000339314282864267
2018-05-31,-0.004316427927714028,-0.002626527340663265
2018-06-01,-7.286029409525607e-05,-0.0035715388066125398
2018-06-04,0.00821344669494839,-0.0011956353182102086
2018-06-05,-0.006309294120726672,-0.0006010543280621228
2018-06-06,0.003988218163212265,-0.0008209259195269825
2018-06-07,0.009736021847971177,0.000651830923708907
2018-06-08,0.00893257393194924,0.0013302322508201847
2018-06-11,0.00039499226086325834,0.0004087511734125471
2018-06-12,0.016825913006805804,0.00027410019293450105
2018-06-13,0.01782269073024012,0.0008169444036933982
2018-06-14,-0.011517699608132315,0.0003907651078278729
2018-06-15,0.021488105614960507,0.002348419870065399
2018-06-18,-0.0035469370019921564,0.00015385279591706436
2018-06-19,-0.00809757318268689,-0.000560790005820877
2018-06-20,0.007005800861220157,0.0016437222153025122
2018-06-21,0.0030903775099262454,0.0017153503716609286
2018-06-22,-0.009893127667793267,-0.0006978035707492225
2018-06-25,0.000763842534692527,-0.0011515375198601907
2018-06-26,0.003446205375068123,0.0014652451843293335
2018-06-27,-0.002176022946189682,-0.0014185274549892712
2018-06-28,-0.012553173192850653,-0.0016758827133658283
2018-06-29,0.011155343287012398,0.001271455214690409
2018-07-02,-0.00264345875088412,0.0008431545256641915
2018-07-03,0.011900194075869619,0.0016801619701094506
2018-07-04,0.003363125670852396,0.0009029382865084479
2018-07-05,-0.003340114721648413,-0.00018046245909419945
2018-07-06,0.016140174738702218,0.002182914834447214
2018-07-09,-0.004302037087942301,0.0002516156945713277
2018-07-10,0.006530218273516519,7.394173015362604e-05
2018-07-11,0.04151464460893606,0.0007865840110667932
2018-07-12,0.010673109675241932,0.0015720255584568132
2018-07-13,0.008681300385427138,-0.0007970258632218341
2018-07-16,-0.00451278927439458,-0.0023635879351261435
2018-07-17,0.009322113437180146,0.004183029400860905
2018-07-18,-0.0005722119524813607,-0.0018456610371833104
2018-07-19,-0.002535238737847223,-0.0008420250227483272
2018-07-20,0.012354965276212937,0.0007787187557195541
2018-07-23,0.00046731200113558913,0.0002215799316023226
2018-07-24,-0.005016201432213929,0.00047264295970461667
2018-07-25,-0.004530964230926138,-0.0011589441115229526
2018-07-26,-0.006968919603714596,0.0012489996538023185
2018-07-27,-0.0011390880844062146,0.00033957141732199325
2018-07-30,0.0069046533140424415,0.00028522572942502045
2018-07-31,0.009086601400686067,0.0016744729635742583
2018-08-01,0.013921212667406424,0.0027002232487949307
2018-08-02,-0.016318476020883987,-0.0006682883273768647
2018-08-03,0.012899431720421184,0.00019101380953223668
2018-08-06,0.003406700125894613,-0.0006367468226426976
2018-08-07,-0.005179575924784241,0.0013381605467301938
2018-08-08,0.012222588554224645,-0.0003843015613230749
2018-08-09,0.00018741221724427604,0.0007124828242415226
2018-08-10,0.0020006260925142794,0.0029214518663738254
2018-08-13,-0.0025972898771027264,-0.0021322175928472076
2018-08-14,0.007886404510897282,0.001667375473781707
2018-08-16,-0.0012894055057673937,-0.0007053926223157259
2018-08-20,0.010503625449349796,0.003097122750602699
2018-08-21,0.006035657933496363,0.000331141760069098
2018-08-23,0.011967662017218661,-0.00021171200073688556
2018-08-24,0.004775135331406277,0.001110144480386266
2018-08-27,0.006446644144209257,-0.0006979298674647527
2018-08-28,0.013442893510352993,0.0028328467250187117
2018-08-29,-0.006068471832667344,0.0007012583119938576
2018-08-30,-0.002352475046740188,-0.0023110968357159534
2018-08-31,-0.010465995334773215,0.00026500741241863857
2018-09-03,-0.011491245543079898,-0.003973223729548225
2018-09-04,0.018164304944921605,-0.006082403618338228
2018-09-05,-0.010301336481705059,-0.00019636214085483328
2018-09-06,0.00859165301871112,0.00021363376803429368
2018-09-07,0.006280234351278002,0.002250962410734969
2018-09-10,-0.006125465755009385,-0.007183370702830927
2018-09-11,-0.01582377860591655,-0.0023385690076886956
2018-09-12,0.003534443694257705,0.0011571693043015419
2018-09-14,0.006912242281314818,0.005436027375539165
2018-09-17,-0.005034114308850701,-0.001839913213444233
2018-09-18,-0.0035681634331331535,-0.00544861540448871
2018-09-19,0.00040777909852796057,-0.00028695420295876684
2018-09-21,0.009865764856541004,-0.003576626725465104
2018-09-24,0.03376611330224644,-0.005874763872812827
2018-09-25,-0.004985274260023265,0.0036356503050012368
2018-09-26,-0.006659451762476731,-0.001625756820286317
2018-09-27,0.014864192495694484,-0.00376802726601988
2018-09-28,-0.0003927616347536578,-0.0009637602098138132
2018-10-01,0.014352288791287915,0.0038911614119436777
2018-10-04,-0.08599841418824317,-0.007282869694205774
2018-10-05,-0.00946716236583034,-0.002622319524196004
2018-10-08,0.009884546753952561,0.003929878006270648
2018-10-09,-0.0011133315406535171,-0.0032667083198717473
2018-10-10,-0.012039097601656445,0.007935370016801668
2018-10-11,-0.025145126933721396,-0.0038314771671151826
2018-10-12,-0.00881459234123727,0.00500782077200479
2018-10-15,0.014675764074529862,0.000961071371738953
2018-10-16,0.011629118292425522,0.005237528795181801
2018-10-17,-0.01464750731003972,-0.005297028447299068
2018-10-19,-0.02076300062777514,-0.002741210334277322
2018-10-22,-0.015594681293371826,0.0007278784209283629
2018-10-23,-0.023174888168112973,-0.0026417765659002557
2018-10-24,-0.0011870786425635105,0.0012278863358667902
2018-10-25,-0.0032693090204507502,-0.007213160394431428
2018-10-26,-0.014669297271767578,-0.0025840610842420286
2018-10-29,0.04034325484025958,0.016800670221861047
2018-10-30,-0.0015219752225407168,0.005545746959980669
2018-10-31,0.016508813935944833,0.0076015941950673405
2018-11-01,-0.002397013654734881,0.004921556089978685
2018-11-02,-0.0018086219301767237,-0.0007909722803005614
2018-11-05,-0.0029414513589136604,0.0007818117844984318
2018-11-06,0.01886168504849617,-0.0028833098187600603
2018-11-09,-0.011296820267238106,0.03016545128248138
2018-11-12,-0.002285259043723231,-0.0037244376713841953
2018-11-13,0.013052891435381797,0.003607129732719594
2018-11-14,-0.018934494323321838,-0.002655271541912807
2018-11-15,-0.00305275058384058,-0.0014920091589905038
2018-11-16,0.014494676719120969,-0.004597355971700301
2018-11-19,0.012515829833050107,0.003987945874440513
2018-11-20,-0.012092551078127789,-0.012360495688131357
2018-11-21,-0.030378595860878876,0.003857327945202549
2018-11-22,-0.003053115837575948,-0.009930303342204683
2018-11-26,0.014129716259367875,-0.007015066018253857
2018-11-27,0.021329656691358112,0.0027910390614600544
2018-11-28,0.039703431576017634,-0.009293074560673298
2018-11-29,-0.0029158508033366726,0.001785759147111099
2018-11-30,0.0022553372021703044,0.006625652111515112
2018-12-03,0.0013179405787173692,0.0032286462461610377
2018-12-04,0.008110914039860306,0.003959413316359184
2018-12-05,-0.00048757449851533075,-0.015041867884798665
2018-12-06,-0.013990290621377244,-0.01848904159759257
2018-12-07,0.003900677013312981,-0.006759765524496308
2018-12-10,-0.019532185785753775,-0.02246339521169638
2018-12-11,0.010386207319374119,0.03329991886373307
2018-12-12,0.009535667796686242,0.03017609887845385
2018-12-13,-0.012319406648473086,0.0035071505465720243
2018-12-14,0.003959789675341829,-0.0005570283787896813
2018-12-17,0.0068959007269298045,0.003070401721214644
2018-12-18,-0.00016741599301750565,0.004474277260314574
2018-12-19,-0.00628838620012806,0.012927690371071776
2018-12-20,-0.007325647126832258,-0.004568419500401322
2018-12-21,-0.028159670252261737,-0.007416121959950561
2018-12-27,0.010833647054260487,-0.011042605084887969
2018-12-28,-0.0027301985899751413,0.010237630645871576
2019-01-02,0.0033298972100883617,-0.002066214475411554
2019-01-03,-0.012208433805872332,-0.005572804551957411
2019-01-04,-0.0061072482872247535,0.006600237723952684
2019-01-07,0.009241227374122696,-0.004890576328530294
2019-01-08,-0.001527301361883615,0.012394299526843566
2019-01-09,-0.00035220258415169514,-0.0003704589825407334
2019-01-10,-0.0004725235871720912,-0.0016092616414249417
2019-01-11,-0.018833910299507317,-0.0034391367624205804
2019-01-14,-0.010694740325177143,-0.002379143768599712
2019-01-15,0.03003663661019851,0.006812425531883548
2019-01-16,0.002780239890536107,-0.000315799811396289
2019-01-17,0.007846770091977984,-0.0053827095929752655
2019-01-18,0.017729472435142446,-0.005936445854245687
2019-01-21,0.01904770555275226,-0.004512235921678931
2019-01-22,-0.0030034078772436246,-0.006575199689583533
2019-01-23,-0.01134580830739429,-0.00693460761938447
2019-01-24,0.015111956074916666,-0.0061473174760663385
2019-01-25,0.005891979769003575,-0.01185004867627959
2019-01-28,0.006261049944151997,-0.02595442591882846
2019-01-29,0.0033999271832112488,0.0008812115090450767
2019-01-30,-0.004861103291629698,0.008601360437591854
2019-01-31,0.019987790060989052,0.009602492375396343
2019-02-01,0.011701279076045124,-0.009152195172761002
2019-02-04,0.018198972581368267,-0.009813345916842131
2019-02-05,-0.0015804410127956414,-0.0007628076985384258
2019-02-06,0.014679479826222197,0.004077151972851745
2019-02-07,-0.0030706266508729874,0.009027858267406375
2019-02-08,-0.010148497737694662,-0.013141856801776264
2019-02-11,-0.005528620263176465,-0.013845623740336377
2019-02-12,-0.0035555522447260346,-0.010174295193046135
2019-02-14,-0.011386707429398402,-0.015397145473596496
2019-02-15,0.0011426418778401892,-0.006505334161071463
2019-02-18,-0.025781453708804247,-0.013247132240500226
2019-02-19,-0.0224109187568049,0.0026910309272751842
2019-02-20,0.008829614213523795,0.006653541843263833
2019-02-21,0.003589722218088731,0.009516904284065708
2019-02-22,-0.0006068182098858399,0.012540988882015602
2019-02-25,0.019477682700878907,0.013919280299897974
2019-02-26,0.013667685278425878,-0.010849606495249131
2019-02-27,0.007092189250067715,-0.00011111414995812474
2019-02-28,-0.021325624517949282,0.009170610765765419
2019-03-01,0.0023732148521535823,0.02224626586002465
2019-03-05,0.0010609214924754973,0.028653694052470424
2019-03-06,0.011643369128925496,0.00201716166293342
2019-03-07,0.005919817345981793,-0.0014781218132982055
2019-03-08,0.002053646427835565,-0.005489846920252894
2019-03-11,0.00815101358330872,0.01684874564469596
2019-03-12,0.007035906890778154,0.0017667902652158674
2019-03-13,0.0008154406936313752,-0.003625877731724514
2019-03-14,-0.0056792267846631495,0.004636521257589621
2019-03-15,0.010689013602614317,-0.0021748665855279015
2019-03-18,0.0027143205606192655,-0.005634847630912931
2019-03-19,0.007438872649008221,0.002692234978306729
2019-03-20,-0.0026683102299014383,-0.004799466447456324
2019-03-22,-0.012287528426274341,-0.004552012113955506
2019-03-25,-0.011513851496806393,-0.013593882833572324
2019-03-26,0.011746721319022324,0.012476875969377188
2019-03-27,-0.009653638669896103,0.006216512815736319
2019-03-28,0.013190119207503903,0.007932327613989543
2019-04-01,0.018642239903228663,0.01494697103936904
2019-04-02,0.01382583340041621,-0.00741195190312971
2019-04-03,-0.0039576171157028606,-0.009006693826752454
2019-04-04,-0.02549007527867686,-0.006100200938389699
2019-04-05,0.010633763377516647,0.007343309142384458
2019-04-08,-2.68938288841003e-05,0.013872702691200667
2019-04-09,0.007761307134671602,-0.004566613692354116
2019-04-10,-0.01631788465754802,-0.002847690626413768
2019-04-11,-0.0020472755242241236,0.0028313649139275476
2019-04-12,-0.0025786694315061975,0.006739971913370502
2019-04-15,0.02963811543096395,-0.001973114454693059
2019-04-16,0.006527090660224166,-0.003910208167975937
2019-04-18,0.016912942541635,-0.018815890636123656
2019-04-23,-0.00444998176769873,-0.01930848317790379
2019-04-24,0.015241499925833457,0.0025998138681742056
2019-04-25,-0.0011827397816266405,-0.008423725146670225
2019-04-26,0.01803060180901528,0.0026125732738324636
2019-04-30,0.006207245375587256,-0.022417050686551865
2019-05-02,-0.009550433211218068,-0.010269240193282347
2019-05-03,-0.022835325374700788,-0.0006201219396074764
2019-05-06,0.0011554743282078395,-0.012348856164494104
2019-05-07,-0.012778078527131864,-0.016253960040025328
2019-05-08,-0.011648542698948994,-0.011124221679700952
2019-05-09,-0.005871431303373198,-0.003447836365247703
2019-05-10,-0.012523756727144675,-0.0034872085582625667
2019-05-13,-0.007474247572052173,-0.02538608154495481
2019-05-14,-0.0032049303713446164,0.00812265977688309
2019-05-15,-6.0455416255988936e-05,-0.008194685153090742
2019-05-16,0.0064957572367005945,0.001642900111867407
2019-05-17,-0.0034986851008472764,-0.015560359903993404
2019-05-20,0.031339820667846574,0.024234215292875172
2019-05-21,-0.006403168748730703,-0.007402588636469476
2019-05-22,-0.008231869585620832,0.011643612680114046
2019-05-23,-0.010172299871209378,-0.0014191694556188184
2019-05-24,-0.0010241638686054877,0.036244778926862065
2019-05-27,-0.005138834993349106,0.025018285680924235
2019-05-28,0.009398399479890296,-0.007373606455866599
2019-05-29,0.007313035226494291,-0.004361642879086358
2019-05-30,0.016329364402128066,-0.001042654047671121
2019-05-31,0.015054641533142066,-0.008640228038802489
2019-06-03,0.02145651256207426,-0.004031340916998638
2019-06-04,-0.019224913892725404,-0.000822555128218716
2019-06-06,-0.011470823282819231,-0.014830535740337103
2019-06-07,0.0012623692848587886,-0.0012656647038813418
2019-06-11,0.024846061461137214,-0.0008448457607138637
2019-06-12,0.0031264788737848104,0.0005957879083016149
2019-06-13,-0.0032423863255972574,-0.004299385340077788
2019-06-14,-0.002442322790171203,-0.007029413839198528
2019-06-17,-0.01084947399382341,-0.009807082839055292
2019-06-18,0.000134890480595784,-0.0032957742503685328
2019-06-19,0.0016692630444081757,-0.007037994767331579
2019-06-20,0.010440471549095331,0.007676816472268033
2019-06-21,-0.01266657033400409,0.0006800722952011728
2019-06-24,0.002928554855521348,-0.0042881641142722415
2019-06-25,0.006672315760423375,0.003914689337565891
2019-06-26,-0.0043892289534182005,0.004494958322799558
2019-06-27,-0.005799743507302169,0.0023268805163392248
2019-06-28,-0.013049359731732602,0.003738953816730284
2019-07-01,0.007930995708512079,0.005509755513281478
2019-07-02,0.006286814615484859,-0.00228085802531508
2019-07-03,-0.0031414669570599685,0.0026075197580295306
2019-07-04,0.0018548969533709325,0.0058647344085118736
2019-07-05,-0.02880912516968137,-0.01565337536551581
2019-07-08,0.0005930571660976991,-0.030989695444168852
2019-07-09,-0.004940329051827619,0.009082607620669814
2019-07-10,-0.007958432531083193,-0.007513527311186041
2019-07-11,-0.000970642216459483,0.005640390488909963
2019-07-12,0.0012491437907067304,0.007193425124332853
2019-07-15,0.010394323140251238,-0.0013574551815551672
2019-07-16,-0.007320135631715963,-0.003014195148498544
2019-07-17,0.00032089454886885527,0.00432676750960681
2019-07-18,-0.02115554600223668,-0.015383785377760861
2019-07-19,-0.00023267551286054733,-0.0158635622955563
2019-07-22,0.01918371995139423,-0.009867951417355303
2019-07-23,-0.0011596799302741045,0.0017523224002220505
2019-07-24,-0.008807737284923123,-0.013397107182493317
2019-07-25,0.001805477873988881,0.0028151780379326308
2019-07-26,-0.01076663772754105,0.0015022413427161485
2019-07-29,0.005698935631095692,-0.022371389338573078
2019-07-30,0.006695329133563854,-0.040486435074579274
2019-07-31,0.0040367026910990145,0.00801108883467494
2019-08-01,-0.003926981666848017,-0.012526597974806375
2019-08-02,0.008897500851614337,-0.0049023707706178365
2019-08-05,0.0017676898547758224,-0.02185972150132154
2019-08-06,-0.014408288501370548,0.008540940589920165
2019-08-07,-0.005769473434545813,-0.02011580486303477
2019-08-08,0.025999287125043402,0.016823452382904946
2019-08-09,-0.0008863716316256376,0.0114185941794398
2019-08-13,0.016984904663996936,-0.03556080764917313
2019-08-14,0.005139221282531414,0.015170564863427494
2019-08-16,-0.01439018133290837,0.0012925804861227963
2019-08-19,0.0033744561727340194,0.002206459345666323
2019-08-20,0.002549090465048476,-0.018000198926311883
2019-08-21,-0.0015273200525616204,-0.02199081313201845
2019-08-22,0.0022916954758565034,-0.026170117378811808
2019-08-23,0.017374247305460555,0.0036678621031274172
2019-08-26,0.00595311751026939,0.023859301328510885
2019-08-27,-0.009445034809964281,0.027925682454043477
2019-08-28,-0.002295776648603143,-0.015542538309660792
2019-08-29,-0.007513686725137969,0.0011487163677776913
2019-08-30,0.009607972056782987,0.008551355215432599
2019-09-03,-0.013683169702701337,-0.007595505764263377
2019-09-04,-0.0032791750550974497,-0.002768128171974249
2019-09-05,-0.009699397463110992,0.001981258045656631
2019-09-06,0.0012238664802148858,0.015461202119744
2019-09-09,-0.004501650410001168,0.014481391091742735
2019-09-11,-0.005361614268324488,0.015856805935181573
2019-09-12,-0.012913231130980973,0.0005514125472370068
2019-09-13,0.006880138781186096,0.0034932642548195503
2019-09-16,-0.001694325483801662,0.0060888078395400225
2019-09-17,-0.012130917603967672,-0.028539272526628356
2019-09-18,0.007286201512836543,0.009216434485365799
2019-09-19,-0.01881144573024296,-0.015096787927239452
2019-09-20,0.010172737501108475,0.0358197997710783
2019-09-23,-0.019768110181389242,0.03237276246420562
2019-09-24,0.020647592990461483,-0.0027419161409028003
2019-09-25,0.013854760562532986,-0.019339303098552474
2019-09-26,0.004579681661848634,0.005828612459489513
2019-09-27,-0.006186292717761832,0.0003394377177940999
2019-09-30,0.01978528760731524,-0.023294195697128983
2019-10-01,-0.019399732185794383,-0.009076723138165654
2019-10-04,0.0068630486069130026,-0.016768197363838055
2019-10-07,-0.009104693860878865,-0.006473728203909235
2019-10-09,-0.00437676282258026,0.0029738708271283
2019-10-10,0.0059091879781283385,-0.0005400081866909767
2019-10-11,-0.00826975834940269,0.0010805999061778149
2019-10-14,0.01212547720275925,0.0009866597887413509
2019-10-15,0.006719422837888844,-8.599447755197609e-05
2019-10-16,0.005053157062699931,-0.0004995427956173693
2019-10-17,0.0020086672841455044,0.010045216161660875
2019-10-18,0.013468006882521921,0.02100139771396914
2019-10-22,-0.0023749410834584816,0.013415514829380193
2019-10-23,-0.0003548152861768683,0.007949143650522128
2019-10-24,0.01560660609115061,-0.006692491194358663
2019-10-25,0.011235747424749531,-0.0020750189987347456
2019-10-29,0.02990466582554685,0.012859668708032679
2019-10-30,0.01950320224600799,0.009278939974031175
2019-10-31,0.000932933830568583,-0.0012837292375750264
2019-11-01,-0.020939630934615594,-0.0024992236560010817
2019-11-04,-0.0017730471949257698,0.015024007636850634
2019-11-05,-0.00044325302167314007,-0.013164215988172412
2019-11-06,-0.007003324521362875,-0.003523693630325453
2019-11-07,0.00529067981443232,0.003090313302978487
2019-11-08,-0.019146919339214086,-0.007401895270362391
2019-11-11,-0.013090590230026122,-0.0005511846677115351
2019-11-13,0.03473952042946071,0.013274039289396633
2019-11-14,0.0026861707350109842,-0.00859744916112437
2019-11-15,-0.004228340105806416,0.0017032959383280755
2019-11-18,-0.009235321101315197,-0.00012152499975948139
2019-11-19,0.0006938847815172178,0.004777594101840199
2019-11-20,0.00985987089118101,-0.0036513219310716494
2019-11-21,0.00010244073273568688,0.008810358862000545
2019-11-22,-0.010857778608519997,-0.006022772590543957
2019-11-25,0.006759241058504006,-0.004734434140852839
2019-11-26,-0.01026951761603101,0.005227621094089141
2019-11-27,0.004729769126464056,-0.003029693265293898
2019-11-28,0.009343262391202645,0.004522694156901208
2019-11-29,-0.014409153087963533,-0.0002260851733957292
2019-12-02,3.5057899510082535e-05,-0.007721361326344933
2019-12-03,0.006625394264475615,-0.0010767310478725367
2019-12-04,0.0010142835236301995,0.0011716990924159898
2019-12-05,0.01175138735994019,0.00045253469432648963
2019-12-06,0.0016961160917776663,-0.01272795450566977
2019-12-09,-0.013247534308104214,-0.004069814114940784
2019-12-10,-0.01639000700529647,-0.012570321253847827
2019-12-11,0.008561934563206197,0.0011149616602847967
2019-12-12,-0.004523011028332635,0.005138489261262036
2019-12-13,0.0184645857729977,0.0030717537334907785
2019-12-16,0.011537840126569776,-0.005424439187524777
2019-12-17,0.009731001709567089,-0.0006465050692956442
2019-12-18,0.004124764391252755,0.0012810791975854663
2019-12-19,0.025627315055131605,-0.001615300032097311
2019-12-20,-0.004342126306764782,-0.0011053338284766623
2019-12-23,-0.004484921406629372,-0.002524256556524218
2019-12-27,-0.016290483547831136,0.010688419096620771
2019-12-30,-0.0037710092429827924,0.0020806821394543373
2020-01-02,-0.009370394281896233,0.027783633256646567
2020-01-03,0.012548777312287207,-0.0009977431467171893
2020-01-06,-0.009094520059471978,-0.023092330040571207
2020-01-07,0.007422015409473515,0.011866518077852772
2020-01-08,0.010814582509322435,0.0010479472250817246
2020-01-09,-0.002483090158702961,0.01901793723309453
2020-01-10,-0.0003085945706658988,0.012716944087137527
2020-01-13,-0.007388909591187431,0.018931235140305258
2020-01-14,0.000964753225878745,0.011658271473267812
2020-01-15,0.004139876348496996,0.0033811230397990943
2020-01-16,0.006835650030957652,0.0020552524862547106
2020-01-17,0.005406898164798779,0.00830322849710008
2020-01-20,-0.025440912889475364,-0.010891966262980057
2020-01-21,0.0005928126186782734,-0.008721019568095012
2020-01-22,0.009891276979427932,-0.003029156903450847
2020-01-23,-0.00606642332376528,0.0014405922485054568
2020-01-24,-0.0034558126262668187,0.007444397083440357
2020-01-27,-0.007795268725728111,0.03177537517141116
2020-01-28,-0.004883001225577388,0.004015202216263836
2020-01-29,-0.006160723123804335,0.009560815716056048
2020-01-30,-0.014185305195494657,-0.004820870950394407
2020-01-31,-0.025492260742159933,-0.004827209671218635
2020-02-03,-0.00013646010391255015,-0.028624810145430057
2020-02-04,0.012657269814604577,0.016610458524317417
2020-02-05,0.01729411064734654,0.017114547644923928
2020-02-06,-0.0027936515126619765,-0.0007991771642612555
2020-02-07,-0.004010414225490866,0.019112462611712067
2020-02-10,0.007885071057952331,0.0038884286634737197
2020-02-11,0.002052267023425758,0.005605543384865408
2020-02-12,0.009592049101642797,-0.0035797108982845716
2020-02-13,0.007032556485538022,-0.00791045129329726
2020-02-14,0.0012847715261303794,-0.006925655170732181
2020-02-17,0.0029627274395456205,-0.014642037446012113
2020-02-18,0.0007256167897238264,-0.010170439063552084
2020-02-19,0.0039021962481473604,0.01446413966904081
2020-02-20,-0.01564429767103359,0.0034308496807058386
2020-02-24,-0.022454468168562003,-0.01629785885160262
2020-02-25,0.00427633172742814,-0.003908516000190154
2020-02-26,-0.015895760089577382,-0.015306722641123538
2020-02-27,-0.0068772104311594084,-0.002716966732870918
2020-02-28,-0.04684729221815698,-0.03987724919660174
2020-03-02,-0.00319723875456146,-0.00990676682488345
2020-03-03,0.01850797788205827,0.008797812877965772
2020-03-04,0.013517069942936555,-0.012927348323397259
2020-03-05,0.0047597780873529505,0.00866507138059136
2020-03-06,-0.013631871133654827,-0.013410633424584373
2020-03-09,-0.08769472163974568,-0.04171481541191657
2020-03-11,0.005808887485416081,-0.006061982794558163
2020-03-12,-0.0886319303279044,-0.08199309776972197
2020-03-13,0.027400516493068627,0.005103737764098115
2020-03-16,-0.06809734191714789,-0.06511586438687067
2020-03-17,-0.017310037857272143,-0.018705374913892014
2020-03-18,-0.015395951202394897,-0.04757005069857023
2020-03-19,-0.025393666984234287,-0.02056073163734584
2020-03-20,0.1021081281743823,0.02235269112820637
2020-03-23,-0.09170134213608583,-0.08621022290945968
2020-03-24,0.035397553944278126,-0.010449643471678427
2020-03-25,0.06785788072848775,0.03240911794842827
2020-03-26,0.00948043888141914,0.016627254050982865
2020-03-27,0.011931928583116536,0.0014958019926523125
2020-03-30,-0.027918548319053826,-0.004731647164444741
2020-03-31,0.045490165286892204,0.027002737702823243
2020-04-01,-0.05196008443441302,0.005107929029394942
2020-04-03,-0.021246096494610178,-0.006162889756524237
2020-04-07,0.09041209906613257,0.04751683099564419
2020-04-08,-0.02866771135608792,0.003115009495425536
2020-04-09,0.030806439893200643,0.0433605592706896
2020-04-15,-0.033000780691779585,0.011038659778678683
2020-04-16,-0.000882508678001992,0.01023014766625363
2020-04-17,0.05075607627295442,0.00330105463527941
2020-04-20,0.01044457132704002,0.0041210904985049535
2020-04-21,-0.029397999373025674,-0.02240499490888448
2020-04-22,0.05133650840993931,0.0040130770424446904
2020-04-23,0.03826717922196332,0.009732973344714013
2020-04-24,-0.0056037121557556135,-0.010354799788506064
2020-04-27,0.009539537446207502,0.01642161884436244
2020-04-28,0.0066755945354919355,0.006922031045772492
2020-04-29,0.014377497421845131,0.03609454372398058
2020-04-30,0.04501201460346116,-0.0093663927149511
2020-05-04,-0.033432489077713345,-0.017120673712567647
2020-05-05,0.007885311513792459,-0.008901034292016163
2020-05-06,-0.008891086570581241,0.00047113836956924615
2020-05-07,0.009351693710126563,-0.0017732171098399085
2020-05-08,0.015874349895574902,-0.004500035991290119
2020-05-11,0.016744417434131798,-0.0054606639001336665
2020-05-12,-0.022206942336702618,-0.006815950451551922
2020-05-13,0.00873594215673501,0.0076909890095435696
2020-05-14,-0.030965336682289624,0.005988336184516552
2020-05-15,0.003778027594800948,-0.004865689495006209
2020-05-18,0.010952708274808653,-0.031394874864966504
2020-05-19,-0.008044037283152616,0.0014307565692366353
2020-05-20,0.008568760821832111,0.009893738599834112
2020-05-21,0.013600823978093368,0.025388922001323477
2020-05-22,0.006080705094678507,0.004830738260156675
2020-05-26,-0.025218665143717844,0.005823473255041511
2020-05-27,0.025217839111859375,0.015217395098091613
2020-05-28,0.007080025133847867,0.0005623762517839026
2020-05-29,-0.011654292502887853,-0.0002449864872600127
2020-06-02,0.042301520976835594,0.04092098174228154
2020-06-03,0.0012965256017121174,-0.001312106570259708
2020-06-04,0.02323732390445965,0.0035845024077083565
2020-06-05,-0.01170418027218989,0.021081467773466755
2020-06-08,0.0034888331416356166,-0.0019418113459364061
2020-06-09,-0.008396482553200357,0.010548230915992107
2020-06-10,0.019767455644662535,0.02904369627850878
2020-06-11,-0.020477712241740553,-0.020603239824367403
2020-06-12,0.005453304396356051,0.00142107706050143
2020-06-15,0.0040408985252520235,0.028936295423705793
2020-06-16,0.005342842354264299,-0.002390092227730789
2020-06-17,-4.777349801587949e-05,0.008861385071698757
2020-06-18,0.00783536597144674,0.009649981952153386
2020-06-19,0.028608063161624342,0.013836072522813492
2020-06-22,-0.007872307192977379,0.028448176628542488
2020-06-23,-0.004383857394050339,0.009129969025645224
2020-06-24,0.003674347580466586,-0.01975919475300658
2020-06-25,-0.009701337945215327,0.01286617066459006
2020-06-26,0.0346143924859057,-0.0009250381360609294
2020-06-29,-0.009198074322508187,-0.009866992971913846
2020-06-30,-0.010043866886602304,-0.0010150233070517212
2020-07-01,0.011168312001228031,0.024076771494940363
2020-07-02,0.023295871198586893,0.006283529772964647
2020-07-03,0.017961249062916185,-0.0008365538948706952
2020-07-06,0.031826902116399935,0.0053584275406020065
2020-07-07,-0.004900591663281606,-0.002653020680127738
2020-07-08,-0.018844244149790246,-0.004726777473100019
2020-07-09,0.0024955393520580404,0.00886613629261368
2020-07-10,0.01740102115502662,0.006626172821826204
2020-07-13,0.01269398169076319,0.023281999116023133
2020-07-14,-0.01614178521328513,-0.0015483346136213605
2020-07-15,-0.00137746976690023,0.00376287767717276
2020-07-16,7.530320161119874e-05,0.007080171448294648
2020-07-17,0.0073778865849849495,0.011235685676293405
2020-07-20,0.0037118439509069567,0.011500528051382686
2020-07-21,0.016287351487425328,0.0024689653379597054
2020-07-22,-0.0010256852891149526,0.004438059739245048
2020-07-23,0.007401634044525762,0.021360375687317745
2020-07-24,0.0166431980389814,0.004345106029475687
2020-07-27,0.014178849080134004,0.013365519420988736
2020-07-28,0.029257863960583164,0.01979602113054879
2020-07-29,-0.025119190304515815,0.007040968629995925
2020-07-30,0.0034931542189224896,0.0041337127781746474
2020-07-31,-0.00866910891952255,0.03697011129202665
2020-08-03,-0.019305276037666852,0.0327202237634967
2020-08-04,0.030728501149585696,-0.008683822319676904
2020-08-05,-0.0029495235998064917,0.017863428812108006
2020-08-06,0.013182900863255576,0.0006632627521649948
2020-08-07,-0.00031579991759578263,0.007640859955724721
2020-08-10,-0.008675694997846928,0.03641818168640998
2020-08-11,0.0023530827079447647,-0.0006873911364828622
2020-08-12,-0.006653288350307762,-0.003939298279036829
2020-08-13,-0.0019006086534230082,-0.0009715075104125281
2020-08-14,-0.004726872875827071,-0.008442833467265598
2020-08-17,-0.002258738824971962,0.0124374742084572
2020-08-18,0.009908821510672627,0.006103333577335945
2020-08-19,-0.0002724152397561852,0.005573547467840001
2020-08-20,-0.008426452927494665,0.003475735196752039
2020-08-21,-0.0043642978946764055,0.021639304673316317
2020-08-24,0.0029566612387785796,0.022641608827289605
2020-08-25,-0.004315432146345999,9.9557127629879e-05
2020-08-26,0.014839898824534403,0.0027047787781842025
2020-08-27,-0.007037989064116235,-0.007408363546379748
2020-08-28,-0.0011264606136283106,-0.013846836210239744
2020-08-31,-0.003344752464729206,-0.03768131445600864
2020-09-01,-0.0011619328407727059,0.010943829957705375
2020-09-02,0.013562944775462826,0.029090483459398353
2020-09-03,0.004608102740594644,-0.005119808285238836
2020-09-04,-0.010088704049004527,-0.014978210656328206
2020-09-07,0.010278938182130659,0.001375191571480583
2020-09-08,0.010288029018784783,-0.00659507309245444
2020-09-09,0.00687682767343567,-0.013221272536602768
2020-09-10,0.03340508598909664,0.021659986218492078
2020-09-11,0.010803142028672497,0.02235243919929686
2020-09-14,0.02246272055894183,0.02213987587965116
2020-09-15,0.0032588376086275517,0.010008873747326508
2020-09-16,0.0036403679342320583,0.01424056181250255
2020-09-17,-0.01416853772251847,0.006337907051056302
2020-09-18,-0.001011468872186616,0.00519147671412723
2020-09-21,-0.0066865279399479505,-0.04297893420572174
2020-09-22,0.0036045975940215413,-0.013095907245468386
2020-09-23,-0.00818677987469596,0.006156099261772852
2020-09-24,-0.03998265522329225,-0.020092935203510853
2020-09-25,0.025076863899526014,0.02470016825669963
2020-09-28,0.003912854688436163,0.02738573374520592
2020-09-29,0.01983100901738566,-0.0020790004050753597
2020-09-30,-0.0013103222958161798,0.0013324899205993113
2020-10-01,0.0049950524398494345,0.006976775104839739
2020-10-05,0.03720596990342773,0.007956267932529792
2020-10-06,0.0014307007229867885,0.006399255292411032
2020-10-07,0.013707032527128016,-0.004363097903635316
2020-10-08,0.015126711581597618,0.007505910947455785
2020-10-09,-0.0037001884750289538,-0.005163856730282412
2020-10-12,0.004179530642620444,-0.0002983955960446094
2020-10-13,0.007526178500107283,-0.0006010809019154628
2020-10-14,-0.0021643091807174164,-0.0012153852166687518
2020-10-15,-0.02921442271532515,-0.020902149291696648
2020-10-16,-0.0011797935510768909,0.004820645452752403
2020-10-19,-0.010768140781150737,0.01484223423209885
2020-10-20,0.0018459319954908793,0.0033317986722471993
2020-10-21,-0.019558478217929,-0.0011773405940616044
2020-10-22,-0.004430375580908863,0.0010044010133787307
2020-10-23,0.00461029993845008,0.01032070620153469
2020-10-26,-0.016407928842254615,-0.004832639664734462
2020-10-27,-0.011634535011489033,-0.0027239353042357584
2020-10-28,-0.006482951274939475,-0.0022248377296890665
2020-10-29,0.005517188372383686,0.0006009476189803298
2020-10-30,0.01280677956931675,0.0029553732165983337
2020-11-02,-0.049037407100474995,0.001550764232084223
2020-11-03,0.0009297637071266074,-0.0008638807404143245
2020-11-04,0.017854157940450532,-0.0001856934347019834
2020-11-05,0.01609661488196501,0.014870437255808833
2020-11-06,0.020086220353699558,-0.0016900370435019019
2020-11-09,0.008523525738024507,0.0022082664871063695
2020-11-10,-0.009905293809369109,-0.01954363853216612
2020-11-11,-0.009275780601037398,0.010156324758814561
2020-11-12,-0.007200190367851134,0.011174677088964469
2020-11-13,0.00020834439094463697,0.012131007823479534
2020-11-17,0.0013984761092218356,0.009555120925509142
2020-11-18,-0.009983590555507238,4.015885631147853e-06
2020-11-19,-0.000609334294279229,0.0009394861505542806
2020-11-20,-0.0100106810096533,0.001879252589640279
2020-11-23,0.025208535856700243,0.01032145097977577
2020-11-24,0.002237047442698925,0.008112498052756711
2020-11-25,-0.007883092256491864,-0.008774517815097638
2020-11-26,0.005274470388501928,0.004926407738318206
2020-11-27,-0.013706958490742882,0.009892244923249915
2020-12-01,0.01576320839139922,0.01632174353459015
2020-12-02,0.005682802414545884,0.009328059845400194
2020-12-03,-0.007604786716979284,0.011120688415694913
2020-12-04,0.0004714896164716986,0.0035897185410112
2020-12-07,0.004579228910776223,0.022924639648383538
2020-12-08,0.020332304101837506,0.0005809971209858045
2020-12-09,0.00951876291880338,0.0008618876294277378
2020-12-10,-0.009593537801864449,-0.003656686799018316
2020-12-11,-0.0003898185307467106,-0.0009097701273886871
2020-12-14,0.00015454495701727744,0.001972373021799756
2020-12-15,-0.011173074612877087,0.0006743761136895898
2020-12-16,0.011928864933384187,0.004766232132952242
2020-12-17,0.006974833733966346,-0.0037529832116739437
2020-12-18,0.006057038508623158,-0.004801433722521509
2020-12-21,-0.018877153654448864,-0.0498872257093248
2020-12-22,0.010753960758559833,0.0166520238590524
2020-12-23,0.00919502394766969,0.025670432945256172
2020-12-28,0.016058569791658206,0.025476995996748908
2020-12-29,-0.002329133897813751,0.0036809490859550653
2020-12-30,-0.0033917783622300357,-0.00045244563132129656
2021-01-04,0.026490037469630856,0.02288576831012956
2021-01-05,0.006296039768909134,0.009590999511443377
2021-01-06,-0.018207585432260198,0.006102830980598162
2021-01-07,-0.004474824280873313,-0.0014807063515760444
2021-01-08,0.022705482595620552,0.014451651826902001
2021-01-11,0.004465564318085757,0.0034691915777937954
2021-01-12,0.010876585051300625,0.0027576553577617346
2021-01-13,-0.006573707400459927,0.0001571027621538601
2021-01-14,0.02260732070350735,0.0072558091347929565
2021-01-15,-0.007651133663041376,0.004924790003044688
2021-01-18,0.006236903997821619,-0.02386077841185974
2021-01-19,0.013635909570176796,0.008044309201427291
2021-01-20,0.01629316495259503,0.00991833198557912
2021-01-21,0.001211864954305808,-0.01386412666512904
2021-01-22,-0.0032073348308172545,-0.011666786936570972
2021-01-25,-0.02156697294763177,-0.008143632232422204
2021-01-27,-0.014304596126987312,-0.02326092818963732
2021-01-28,-0.016272876209575293,0.005807889615365047
2021-01-29,-0.023766509945614245,0.005420807242598746
2021-02-01,0.016053737360606224,0.015508089081355259
2021-02-02,0.01887027781736883,0.011704197132860195
2021-02-03,0.00021615502991645386,0.021064679771097383
2021-02-04,-0.0035048260637999817,0.0014919136057265359
2021-02-05,-0.006245785419534022,-0.010374203563408013
2021-02-08,0.01656351808858969,0.01086517016826516
2021-02-09,-0.006552402106080102,0.012399824861050401
2021-02-10,0.010668014241757007,0.006326443315038954
2021-02-11,0.013470578748285167,0.017285040693679532
2021-02-12,-0.005528505682450668,-0.0016741499970654994
2021-02-15,-0.011675796571806396,0.0024741368557685828
2021-02-16,-0.0012403087871198926,0.006615341048872292
2021-02-17,-0.002750391700856558,0.007840990505253442
2021-02-18,-0.006025425825574082,0.012031695441931722
2021-02-19,0.005261905117173615,-0.01400496765057746
2021-02-22,-0.03606607863200506,-0.012887719010744036
2021-02-23,0.007464364849751881,0.009365832127114615
2021-02-24,0.0005278301213931247,0.00580372203970958
2021-02-25,0.0255920944462944,0.014571094414267183
2021-02-26,-0.031167062636838883,-0.008016244003450468
2021-03-01,0.009249015071318034,0.021415040622379866
2021-03-02,0.01770514149717939,0.011501543530389124
2021-03-03,0.02857474002165361,0.006398029760095847
2021-03-04,-0.006604732752481524,-0.001478487051240207
2021-03-05,-0.007714381450673491,-0.016505580921033047
2021-03-08,0.0020612147308411988,0.003595720642689759
2021-03-09,0.0087394732889019,-0.005881495003481563
2021-03-10,0.002286625015778254,0.008188202533011557
2021-03-12,-0.010606905306972059,0.004271503212839756
2021-03-15,-0.0036355253424259493,-0.0018808019145734045
2021-03-16,0.007229540668029166,0.004727899618623299
2021-03-17,-0.00769787876703476,-0.011265574806614165
2021-03-18,-0.0237799967282476,-0.010578271703353015
2021-03-19,0.01655862808396158,0.02075679561987198
2021-03-22,0.012341220226506078,0.010495316485001904
2021-03-23,0.007175799732724419,0.007761814583698401
2021-03-24,-0.011560550414244863,-0.016991591521598903
2021-03-25,-0.02151362629873166,-0.021144709946546603
2021-03-26,0.001000123739481884,0.010913867441377123
2021-03-30,0.025210967735516787,0.013629434687751907
2021-03-31,-0.0009703821643379795,0.004245474176929553
2021-04-01,0.0008864995480442062,0.027754121143799937
2021-04-06,0.012927693220086356,0.018689286225017865
2021-04-07,0.004674364159666267,0.02000821065072178
2021-04-08,0.009425275331325977,0.011334884299566195
2021-04-09,-0.003213048250449213,0.009931108766112695
2021-04-12,-0.02739700124933131,-0.03490455723791208
2021-04-13,-0.024636075445537142,0.009117099150789398
2021-04-15,0.025871653220558954,-0.0016221766473019095
2021-04-16,-0.006993198713298399,0.018557779866839486
2021-04-19,-0.012334907034400655,-0.010905164780574128
2021-04-20,-0.0036114136759297644,0.01263667883033781
2021-04-22,-0.00426678307334305,0.011522848726136292
2021-04-23,-0.0022942201321807243,-9.421786745100746e-05
2021-04-26,0.00456533384483393,0.009345368411768584
2021-04-27,0.015970839150131644,0.030812791280392604
2021-04-28,1.6906689645379558e-05,0.012644473896028963
2021-04-29,0.0031887001135457727,0.0003735908788420339
2021-04-30,-0.021445947940645915,-0.0028446317922092845
2021-05-03,-0.00643284553330703,0.01769143746300239
2021-05-04,-0.005455168572307434,-0.0069618619253128955
2021-05-05,0.010206034025314947,0.01927675167413434
2021-05-06,0.005302162130444099,0.019365339357923173
2021-05-07,0.0045245785195553445,0.020269846815676118
2021-05-10,0.0015210663530587087,0.022355184961368124
2021-05-11,-0.003348305187808931,0.009266013409352736
2021-05-12,-0.010894885974928714,-0.011752079957763617
2021-05-14,-0.002845317787474211,-0.008930342883386011
2021-05-17,0.008166981438107568,0.0066024829596254
2021-05-18,0.00912551525809957,0.006868941399516881
2021-05-19,0.0003248066605769928,-0.005838878176851248
2021-05-20,-0.006649967724438488,0.0005379327940047141
2021-05-21,0.00742550696610822,0.007328528159220582
2021-05-25,-0.0005815168197548237,0.0019684574574694302
2021-05-26,0.010326591247530104,0.006792902558095726
2021-05-27,0.005442036379333937,-0.0032022978015388004
2021-05-28,0.014620511172422468,-0.0014088850040391288
2021-05-31,0.014970401957587587,0.008736200698290952
2021-06-01,0.0003469681857390938,-0.007130424018898074
2021-06-02,0.0012238777186008853,0.0075704801960019275
2021-06-03,0.003788500984198917,0.007388147713821569
2021-06-04,-0.002929189172058755,0.0025406451219578408
2021-06-07,0.01423045106017673,0.011202180465772482
2021-06-08,0.000980250529956539,-0.0009261140186794803
2021-06-09,-0.0069506330799008476,-0.009310886412142838
2021-06-10,0.004595837048478213,0.013121474764662633
2021-06-11,0.01621427707282308,0.009956380203338
2021-06-14,0.005991747676839854,0.001648161022030914
2021-06-15,-0.001662709486559888,0.010655664458814718
2021-06-16,-0.004465426148331009,0.001976338455832005
2021-06-17,0.008867778575021745,-0.007304253320179699
2021-06-18,-0.0020921874505628324,-0.008024044990086465
2021-06-21,-0.0025213448437704233,0.01388846754230011
2021-06-22,0.003275587497335808,0.00956958551714937
2021-06-23,-0.010947329552706941,0.0017821951817182935
2021-06-24,0.012147142444629333,0.00018330791321496953
2021-06-25,-0.007101521063315519,0.009881469253090636
2021-06-28,-0.011474163891526556,0.007591984076264602
2021-06-29,0.001094894566348481,-0.0020873909506403665
2021-06-30,0.004933756108423726,0.0077650307748644565
2021-07-01,-0.003017077850929639,0.005597988286217159
2021-07-02,0.0023977593436081968,0.011590670139695503
2021-07-05,0.002848758246570826,0.02517841421578204
2021-07-06,-0.015482441196460917,-0.006940446103068321
2021-07-07,-0.000184619002932096,0.002196153341261109
2021-07-08,-0.006233818311827566,-0.005664996855811566
2021-07-09,-0.013507266296230891,0.006624068360482349
2021-07-12,-0.0006138961258095321,0.02033080487599337
2021-07-13,0.001729379053220903,-0.001331837848211559
2021-07-14,0.0028006351234106663,0.0003310623781485056
2021-07-15,-0.002912296822196514,0.0026066368979580368
2021-07-16,0.0038217250192509322,0.0026266157716052785
2021-07-19,-0.004395774507891526,0.009358766787028738
2021-07-20,0.0032109790989758302,-0.012799288074732296
2021-07-22,0.00688520639559731,0.012478306195494504
2021-07-23,-0.003352491381945377,-0.0009810900478235407
2021-07-26,-0.008131351971405243,0.014341491101692805
2021-07-27,-0.006797892855373244,0.0004796445394581461
2021-07-28,-0.0002836371953690575,-0.0019024327803895957
2021-07-29,0.002496056846030603,0.010469487649213516
2021-07-30,-0.008823079120744426,0.0037616204561752298
2021-08-02,0.01709968055804989,0.016406497753375326
2021-08-03,0.015504826985882625,-0.0004366291072934736
2021-08-04,0.0007325775170090587,-0.010936117851492066
2021-08-05,0.007314725143650724,-0.009094284779712525
2021-08-06,-0.003020541204366123,-0.0015460706510794786
2021-08-09,0.0003658152766854439,-0.01681455217753558
2021-08-10,0.004057464249781484,-0.03636387957259557
2021-08-11,0.007089246975023,0.005988363644650052
2021-08-12,0.00024038681403903972,0.025393801571912178
2021-08-13,0.02718873732517091,-0.008838471347231036
2021-08-16,0.006476247171572247,-0.006293253363994666
2021-08-17,0.013060997641000327,-0.012845257714266478
2021-08-18,0.002747996731627067,-0.007951754407018563
2021-08-20,-0.004234920616539739,-0.024361475188524384
2021-08-23,0.016403591487670566,-0.022401976011385827
2021-08-24,-0.0007977451467108265,0.03346264600944515
2021-08-25,0.011235990145119334,0.014149879796914622
2021-08-26,0.006773659641145846,-0.006773776204566873
2021-08-27,0.007937210553079721,0.006436677119654011
2021-08-30,0.0035838889756083514,0.01263025913095106
2021-08-31,0.012762637202593297,-0.0009652215785640461
2021-09-01,-0.010771973406831004,0.00026772465237479004
2021-09-02,0.025311836730026682,0.006518738142138991
2021-09-03,0.015476463036303345,0.007873468575656295
2021-09-06,0.0073087528994206785,0.01954680623991467
2021-09-07,-0.0036084208966863374,-0.0049766527828702944
2021-09-08,-0.008331841862314837,0.006793416769117044
2021-09-09,0.0019844309107466263,0.0033939174121617732
2021-09-13,0.0006736083113825231,0.007865019164104092
2021-09-14,0.006245718438876224,0.004233034106773781
2021-09-15,0.012803355449743092,0.0029286687260321465
2021-09-16,-0.0008443282996789536,0.004593137967653149
2021-09-17,-0.017934808132839875,-0.01758954214381181
2021-09-20,-0.0001396227467018729,-0.023408518033041004
2021-09-21,0.008121829218709076,0.01281268899065191
2021-09-22,0.0037835554077751965,0.020802793834334032
2021-09-23,0.010142701187865644,0.013045850721139729
2021-09-24,-0.000745157279290809,-0.0062985935349562094
2021-09-27,0.0006791201205151864,0.001932481211402326
2021-09-28,-0.005840317338411172,-0.008140753696070258
2021-09-29,-0.0009614307542281653,0.0075924528507860245
2021-09-30,-0.003965294120249596,0.005757216119663511
2021-10-01,-0.006760189085205925,0.0010482009350023525
2021-10-04,0.012055552260723745,0.02318543309740373
2021-10-05,0.01776809683893643,0.00600419020302323
2021-10-06,-0.01088667893630002,-0.02156373095190578
2021-10-07,0.015158598616092034,0.011861209271265105
2021-10-08,0.021379245034514494,-0.0009957483255089716
2021-10-11,-0.04174486585641579,0.01117202672078732
2021-10-12,-0.00305944188150975,0.0072121711994872495
2021-10-13,0.00448215855844003,0.014369344936206563
2021-10-14,-0.006303436234424531,0.011099002382209733
2021-10-18,0.006937462404979833,0.02247026623517212
2021-10-19,0.0015265482393176377,-0.02776959352667774
2021-10-20,-0.00882573831000566,-0.01940938822855276
2021-10-21,-0.024298307390660634,0.004017682937686562
2021-10-22,-0.004892805502809794,-0.010395472697039332
2021-10-25,-0.004984698606059879,-0.021123476678284958
2021-10-26,0.007522023003702305,0.029868309578853003
2021-10-27,-0.004025921688421308,-0.00017359439281472433
2021-10-28,-0.016007639683393582,-0.025656695925135864
2021-10-29,-0.013994250349484982,-0.00138087485008076
2021-11-01,0.013954459139100761,0.025061606070194475
2021-11-02,-0.004528618608949486,0.013020429806187117
2021-11-03,-0.0013509752074364334,-0.004919388542140024
2021-11-08,0.004743103155677497,0.025803310578579763
2021-11-09,0.0036440158979067494,0.010956038834848414
2021-11-10,0.0007934992244349459,-0.007058346099355184
2021-11-11,0.0014032366028207122,-0.0074940671360114175
2021-11-12,0.012560901009195158,8.357621576426943e-05
2021-11-15,0.00221779156083568,-0.011922240126134187
2021-11-16,-0.008796761641426287,-0.0013604017527482082
2021-11-17,-0.01432716421400404,0.0023858097174944692
2021-11-18,-0.006489837862304504,-0.018988994894407196
2021-11-22,-0.020563240637093916,-0.029906316839773073
2021-11-23,0.004653836472706008,0.025052770483892983
2021-11-24,-0.009308763194150305,-0.0013445543118266734
2021-11-25,0.023736863447701317,0.01121328312236769
2021-11-26,-0.012739520500827828,-0.03511378950935762
2021-11-29,0.014421764082447996,-0.0212584696953666
2021-11-30,-0.0010720886508807093,0.0036839046587935353
2021-12-01,0.018351185338279397,0.012023099325918274
2021-12-02,0.01361766393708197,0.009929422020821255
2021-12-03,-0.01201530508663462,0.0016350462247671782
2021-12-06,-0.024932368845694053,-0.0143341433849975
2021-12-07,0.011521254396616554,0.01660460772076533
2021-12-08,0.013117644947956641,0.010712590959832236
2021-12-09,0.0017490033510341174,0.010163782050273795
2021-12-10,0.006365195417451952,0.0249220240789354
2021-12-13,-0.012300881722122625,-0.0013502540682144293
2021-12-14,-0.002241843661023757,-0.008981530916495006
2021-12-15,-0.01028484118614037,-0.005987075313709234
2021-12-16,0.006871588711615306,-0.009849041645469736
2021-12-17,-0.009622477643097205,-0.029532815928447254
2021-12-20,-0.014916901825721696,-0.03667526838898438
2021-12-21,0.014612344274367306,0.017586992227216935
2021-12-22,0.012727572851631841,0.018205587466287865
2021-12-23,0.00535981990897616,0.009583950120534146
2021-12-27,0.0065029550211095355,-0.003929770165672086
2021-12-28,0.006191938003525133,0.014832440714955597
2021-12-29,-0.0013623822013839604,0.005267820243082255
2021-12-30,-0.0001705455877234474,-0.002932529485155433
2022-01-03,0.021197765479972208,0.027723313309313546
2022-01-04,0.019394135976540827,0.0034257870562508508
2022-01-05,-0.002142745628900933,0.007780898994060204
2022-01-06,-0.016694580028648542,0.0032565644298405694
2022-01-07,0.010607795811848897,0.015942856918167436
2022-01-10,0.00462084252805961,0.020938674068278873
2022-01-11,0.00852324377110425,-0.01051017202955884
2022-01-12,0.0007282708858096232,0.004029042272070349
2022-01-13,0.008260502354306087,0.003222442059277464
2022-01-14,0.011809115733107056,0.01055315063221296
2022-01-17,0.010017947199075783,0.0071094049883388966
2022-01-18,-0.008887236657607933,-0.01903362757253524
2022-01-19,-0.01205003262822768,0.001562309188771538
2022-01-20,-0.020642192864214315,-0.0007942007315857591
2022-01-21,0.0011972533500950178,-0.018108600344513337
2022-01-24,-0.025227054137505367,-0.05163875139862506
2022-01-25,-0.0009624609537325357,0.019590303462666325
2022-01-27,-0.025685067503733006,0.00443443897637863
2022-01-28,0.006668036055682114,0.005726659677348422
2022-01-31,0.01591543252089389,0.00379695595682783
2022-02-01,0.009615654976084409,0.011785572860736337
2022-02-02,0.010010793394942263,0.01550393006907802
2022-02-03,-0.009911852895196582,0.005255982786656288
2022-02-04,-0.00491954848914411,-0.0033871093774835437
2022-02-07,-0.008213323661581784,-0.004376877661721346
2022-02-08,6.770129314825901e-05,-0.014281013459540137
2022-02-09,0.007170653340081934,0.013613022369852734
2022-02-10,0.001264792105967194,0.0064136154446987614
2022-02-11,-0.013353109293419485,-0.019903242672986377
2022-02-14,0.0006562944039925078,-0.05174824470839845
2022-02-15,0.026702310684694863,0.021532576032368134
2022-02-16,-0.001539769902990984,-0.0010093080794372211
2022-02-17,-0.00011632572545039466,-0.01038286114144138
2022-02-18,-0.001312879236979425,-0.010644004426235587
2022-02-21,-0.016100735718260872,-0.02859542622230249
2022-02-22,-0.024106601436414854,-0.021066197077290738
2022-02-23,-0.006284903866546565,0.015341985395154856
2022-02-24,-0.047148363397381265,-0.06337554410985768
2022-02-25,0.026465477606088195,0.04276819218818173
2022-02-28,0.018339232161544095,0.005696058470259002
2022-03-02,0.004875560155312986,0.004507416845729306
2022-03-03,-0.0035487214769259756,0.010173285171712898
2022-03-04,-0.011976164815603263,-0.014132916086472047
2022-03-07,-0.020954266383694575,-0.021988034991152983
2022-03-08,0.02004893538580177,0.016421355849905783
2022-03-09,0.025094472585846628,0.02509510808124138
2022-03-10,0.004058655650585941,0.00871106306612135
2022-03-11,-0.002647350741450505,0.008106352953780815
2022-03-14,0.010670424938981293,-0.0021210149349172314
2022-03-15,-0.017059393226619868,-0.008777824159211134
2022-03-16,0.017111933523191514,0.013540944865877425
2022-03-17,0.015179491757654207,0.011815563297307596
2022-03-21,-0.0099355127562053,5.334765013587095e-05
2022-03-22,0.022542148212447266,0.0030276320907249854
2022-03-23,0.003127257780879633,-0.00032197949304124673
2022-03-24,0.012196427709011859,0.005477923133756724
2022-03-25,-0.004327024503144372,-0.006631202795583158
2022-03-28,0.00398798332917516,-0.008483277935284583
2022-03-29,-0.0002931157325855027,0.004790169761899721
2022-03-30,0.011870662552092348,0.007533441259713225
2022-03-31,-0.004332999524769843,0.0048898495878144654
2022-04-01,0.006201634285857072,0.02950950543329789
2022-04-04,0.0030346866031119024,0.022744336751920002
2022-04-05,0.0015570815994321308,0.00639937853687389
2022-04-06,-0.010564939425283026,0.00888163414935561
2022-04-07,-0.018442849237083836,-0.006756161017487328
2022-04-08,0.00676764174799338,0.014255139230308744
2022-04-11,0.0009376763796566934,0.01356359132006868
2022-04-12,-0.00829814742883983,-0.013862275768502519
2022-04-13,-0.006247190393285029,0.00556205766333151
2022-04-19,-0.01790966631193891,-0.022597781745422818
2022-04-20,0.02649544336957632,-0.0029915068038538495
2022-04-21,0.021529907196892406,0.012314171806279584
2022-04-22,-0.0060688367539530885,-0.006642728363035144
2022-04-25,-0.02000959846779693,-0.02533858487688856
2022-04-26,0.012018528152998975,0.015991353849898582
2022-04-27,0.0028473234607893083,-0.003334911491805981
2022-04-28,0.01002422269060621,-0.013160617672775432
2022-04-29,-0.010493079147504969,-0.017667154626576642
2022-05-02,-0.0021798826062452425,-0.008051767911862018
2022-05-04,-0.023370780391774093,-0.031209559973956913
2022-05-05,-0.0025206772096397767,0.00446788539341525
2022-05-06,-0.0167184203217301,-0.017765507502459976
2022-05-09,-0.014008299629119758,-0.01996941342959302
2022-05-10,-0.008083757535175429,-0.026673578017307076
2022-05-11,-0.008762756285003559,-0.02678550054723894
2022-05-12,-0.008709730397490123,-0.018387829517212073
2022-05-13,0.005575995295101999,0.007484173155105189
2022-05-16,-0.006639826090335421,0.009315048958829397
2022-05-17,0.030068809251457163,0.04157279189618546
2022-05-18,0.0009836926767365917,0.0038050089084273875
2022-05-19,-0.041584656913007056,-0.01646078022836539
2022-05-20,0.02963795666873259,0.02919971048475123
2022-05-23,0.0021960995450647225,-0.016170868283856943
2022-05-24,-0.004450003989505902,-0.014978717348272164
2022-05-25,-0.021728209283085387,-0.02537108824547718
2022-05-26,0.006510212261996884,0.011847673914385126
2022-05-27,0.004145071862623473,0.00910848614845472
2022-05-30,0.034895193391278445,0.015379619547503554
2022-05-31,-0.006953802754315563,0.0028340709590115587
2022-06-01,-0.0014437464311886083,0.0037842054472640996
2022-06-02,0.026202990515220348,0.010228440364805413
2022-06-03,0.011469312542313315,-0.010165719227558156
2022-06-06,-0.003368463416270173,-0.002199300689939898
2022-06-07,-0.010600872753917856,-0.0016291016069661657
2022-06-08,-0.0005910218114092425,-0.0002714330328309478
2022-06-09,0.015527416100018288,0.003948311886752709
2022-06-10,-0.02415728089282898,-0.009329356289930368
2022-06-13,-0.032001907119738826,-0.036992587570865765
2022-06-14,-0.007251559770798832,0.001975719632391071
2022-06-15,-0.0059616069755882295,-0.0010658262427231113
2022-06-16,-0.017456799314154114,-0.03518868024119293
2022-06-17,-0.0046159335302023985,-0.009760053491080223
2022-06-20,-0.0036198246249928845,-0.03806945343416246
2022-06-21,0.025173702486761096,0.04460812348893506
2022-06-22,-0.010979946315939348,-0.02195064643980238
2022-06-23,0.008730746743027096,0.009359950031546438
2022-06-24,0.002990269567600734,0.020630310954053765
2022-06-27,0.0026371123166779586,0.014036595229329318
2022-06-28,0.006375490527696037,0.00912634539811985
2022-06-29,0.0036738065528882924,0.0028919523186152762
2022-06-30,-0.0016031907136665469,-0.008523391221330723
2022-07-01,-0.02199496326261663,-0.000990640035415713
2022-07-04,-0.013620544009769975,0.00784985451535869
2022-07-05,-0.00012911146153593567,-0.0016209946816859722
2022-07-06,0.004521585405633521,0.0056324678632058145
2022-07-07,0.0009438786225397511,0.01406169592504769
2022-07-08,-0.0035240379843063385,0.007243983701384016
2022-07-11,-0.022228897942053183,0.009381175790588392
2022-07-12,-0.006033323025185999,-0.001774728407779258
2022-07-13,-0.01608389907140928,-0.001966763168384733
2022-07-14,-0.004186551893999524,-0.005826450933164251
2022-07-15,2.7265622112304655e-05,0.0034760944936604865
2022-07-18,0.016842761711096887,0.014480811478772226
2022-07-19,0.004615107268510554,0.004806812085225154
2022-07-20,0.028434302821101376,0.003315102767947664
2022-07-21,-0.0005322422367479707,0.007890709727256029
2022-07-22,0.0016824349022392937,0.00620372320705731
2022-07-25,-0.014701144721949833,-0.004623832752091439
2022-07-26,-0.009227321293570734,-0.004988358511763824
2022-07-27,0.013236430399227173,0.00335253462390539
2022-07-28,0.01966729909354359,0.0020996742491028453
2022-07-29,0.0162286932931619,0.01459494590130661
2022-08-01,0.010192803047998078,0.011404170147862658
2022-08-02,0.000360400199945099,0.011188570898221117
2022-08-03,0.01192951567158862,-0.0055046468479352795
2022-08-04,-0.0028454232196801765,-0.005544147610169303
2022-08-05,-0.004343237055936866,0.0030411064541429056
2022-08-08,0.007012236540879346,0.013093965035381183
2022-08-10,-0.0010501067894763683,-0.006939329368152447
2022-08-11,0.013277991526406296,0.005313490252538022
2022-08-12,0.003048396165527878,0.0014327133660707592
2022-08-16,0.0013787784746954745,0.006103984545467123
2022-08-17,0.0036274633705379866,0.004048816070000738
2022-08-18,-0.003993078624839108,0.0028998761859808653
2022-08-19,-0.006731566138647338,-0.007846341793482425
2022-08-22,-0.006534955347945459,-0.012722234392163023
2022-08-23,-0.0057018577764238465,0.010651611712510833
2022-08-24,-0.006242990265398873,0.01098809979563975
2022-08-25,-0.007775533515171462,-0.0028025939423161894
2022-08-26,-0.0015879827565493665,0.006514968967210155
2022-08-29,-0.019230413687638448,-0.0036659779778532853
2022-08-30,0.020939034023971237,0.014151755576063296
2022-09-01,-0.02674976706873644,0.0011902094533400298
2022-09-02,-0.005258958556927373,0.006124860348382777
2022-09-05,0.0071850645204643016,0.014113275495123645
2022-09-06,0.0033816694411912263,0.003517940840352507
2022-09-07,0.0015591752255639246,0.007970355974029175
2022-09-08,0.004232891228026503,0.004251632204403055
2022-09-09,0.005964732318899824,-0.0017800179677339711
2022-09-12,0.0092744915510663,0.003216995871449191
2022-09-13,0.0011397371203731854,0.003428618188344501
2022-09-14,-0.024424142113091518,0.008295890860879451
2022-09-15,-0.00721027287518583,0.004430698096556274
2022-09-16,-0.028202668820569765,-0.023012488768216155
2022-09-19,0.004345785783814282,0.005771661751859725
2022-09-20,0.0022232848200902655,0.012829964514017522
2022-09-21,-0.006117490198655151,-0.006363783279377366
2022-09-22,-0.0029390817156722537,0.004454301386111359
2022-09-23,-0.012893375762227266,-0.015164867705942386
2022-09-26,-0.008600909808139212,-0.04365453710235756
2022-09-27,0.0078044455795582834,0.004664748513598882
2022-09-28,-0.007780844768094375,-0.008990967595304267
2022-09-29,-0.008663238801176254,0.011833238901218568
2022-09-30,0.010821584939348261,0.01721707894066582
2022-10-03,-0.0052344163627163764,-0.016542656990650384
2022-10-04,0.02833236163246311,0.017611493676362056
2022-10-06,0.0035751680880764525,0.0202069726161338
2022-10-07,-0.005168874288202008,0.0012328945161741434
2022-10-10,0.00548865544079935,-0.004289170791371588
2022-10-11,-0.01745834793736234,-0.020556972061224532
2022-10-12,0.009000208449982505,0.005525057819278478
2022-10-13,0.001798339323185294,-0.007354314097615
2022-10-14,-0.0028888724060405213,0.0004819262780417777
2022-10-17,0.009025432286816848,0.0088150172024819
2022-10-18,0.013528987202424458,0.0073037402256910244
2022-10-19,0.0030544652466646394,0.0013069510481071855
2022-10-20,0.0076762887694039605,0.008305658726401655
2022-10-21,-0.008538741430726193,-0.008048339061794585
2022-10-25,-0.0005602629104105583,0.004436732021898537
2022-10-27,0.0007682632013286117,0.00903322344738422
2022-10-28,0.01385199623920208,-0.007329502478934158
2022-10-31,0.009380393309616819,0.00702458708120135
2022-11-01,0.008712054668823077,0.0006983670231865968
2022-11-02,-0.0006107060368346628,0.0014445792593540396
2022-11-03,-0.004682495547133958,-0.0009791293037078042
2022-11-04,0.008149774082891081,0.011000109881738496
2022-11-07,0.005183755124640088,0.0070054318782464264
2022-11-09,-0.003555144546065536,0.0025472878584245073
2022-11-10,-0.0070245252326248675,-0.014177346952589653
2022-11-11,0.029575620845912587,0.005052275955977015
2022-11-14,0.001354499919513641,0.0012749098804716308
2022-11-15,-0.002389257490916341,0.004867791903525598
2022-11-16,0.0015596720468773473,-0.005154452793608821
2022-11-17,-2.8881884559961435e-05,-0.0065466769709982
2022-11-18,-0.001190392758252945,-0.0024342217294277546
2022-11-21,-0.017958310327195748,-0.0014778147909978445
2022-11-22,0.007894716558136672,0.002939887388077267
2022-11-23,-0.0024696805393487065,0.00873426564434121
2022-11-24,0.016265830338422438,0.005178818900894555
2022-11-25,0.007817752224487773,0.012127406590723755
2022-11-28,0.015265018404867714,0.007604892616660752
2022-11-29,0.0010844080422725,-0.00032069114111166197
2022-11-30,0.0018854491773387938,0.004125836979985031
2022-12-01,0.013095709715973403,0.00514319186396861
2022-12-02,-0.006271485213509842,0.004277492710585307
2022-12-05,-0.008383003524141452,0.006862741239951786
2022-12-06,-0.005658694418174015,0.005356465743500793
2022-12-07,-0.0070535477373989686,-0.0002020894613871116
2022-12-08,-0.005355036879537423,0.003626350885564067
2022-12-09,-0.016366728623556592,-0.013772224587685011
2022-12-12,-0.0004574948016333735,0.016587082415725707
2022-12-13,0.009938689145114088,0.0105645276386086
2022-12-14,0.004253962530292421,0.0073796973612438865
2022-12-15,-0.016357863764392078,-0.009580613718759956
2022-12-16,-0.013477491083797255,-0.01286108213705317
2022-12-19,-0.0012650409714818345,0.008089796990074172
2022-12-20,0.011188217793610233,-0.002031269950730441
2022-12-21,-0.0017351880973208722,-0.030546830229009614
2022-12-22,-0.002659014163805873,-0.014540032218070764
2022-12-23,-0.01793376642432032,-0.04822476705328904
2022-12-27,0.012708372679709923,0.06259208844692021
2022-12-28,-0.00046906107945776654,0.005993176014324586
2022-12-29,0.0018888840545303598,0.007003592747316656
2022-12-30,-0.0015046502530405848,0.00951614336799711
2023-01-02,0.005570888996510259,0.016930017866260583
2023-01-03,0.005763688012190515,0.004230343251090396
2023-01-04,-0.005683780238815439,-0.012942491213377205
2023-01-05,-0.0013660222180247317,0.001341087178350131
2023-01-06,-0.013932084502035424,-0.006660384155716348
2023-01-09,0.029476736747835686,0.006994952616072414
2023-01-10,-0.012068503263196972,-0.009286448146834436
2023-01-11,0.0022191724709010874,0.006436373211964996
2023-01-12,-0.007897006370786608,-0.003145000446815205
2023-01-13,0.006501143722546843,0.00735167961637484
2023-01-16,-0.01100298032299174,0.005214962415325264
2023-01-17,0.01366342817336319,-0.0026810171918371095
2023-01-18,0.0013793181300560953,0.002832968881105291
2023-01-19,-0.003409446809510275,-0.004075657394666643
2023-01-20,-0.006567203177505698,0.0007603397972026915
2023-01-23,0.007191712700723496,-0.0023803832113091783
2023-01-24,0.0014413535571582425,-0.007411435795451116
2023-01-25,-0.00659670999526818,-0.010025545464432795
2023-01-27,-0.01073389967097127,-0.026741856151978216
2023-01-30,0.007771525949675562,-0.004773508851276254
2023-01-31,-0.014326456089719497,0.024594555123173434
2023-02-01,0.006648418253074606,-0.016490545533857093
2023-02-02,0.00720121556494191,0.008414870432727817
2023-02-03,0.004242421155538967,-0.0033583008684037186
2023-02-06,-0.006844648212149029,0.00248421339335958
2023-02-07,0.001336846228376487,-0.002474464607150395
2023-02-08,0.016078537252477654,0.006335618358349615
2023-02-09,0.004311087438044092,-0.00037349903157668507
2023-02-10,-0.0037102819147890598,0.0043767257816365035
2023-02-13,-0.011841015342294758,-0.005232157087258771
2023-02-14,0.0121265644210935,-0.0012770728041707757
2023-02-15,0.012335753597183308,0.005481144539182248
2023-02-16,0.0061828949167024305,0.0016856147676416189
2023-02-17,-0.008193735270930702,-0.0025276290545057645
2023-02-20,-0.006546170086530023,-0.004326200898286947
2023-02-21,-0.003169630390180589,0.0015115685687947522
2023-02-22,-0.01762116708218231,-0.008617547277910642
2023-02-23,0.00030868298140052097,-0.004209078625681428
2023-02-24,0.00028621871286960143,-0.008065197352271403
2023-02-27,-0.01486080581689464,-0.010694292986376142
2023-02-28,-0.011021866425430682,0.007219410004102311
2023-03-01,0.016962309131572706,0.012576013802470642
2023-03-02,-0.014547460136174695,-0.0020610446488313894
2023-03-03,0.013802953844444854,0.01472454161776815
2023-03-06,0.009236512452491352,0.011249508373506023
2023-03-08,0.004742369840966099,0.006008148142656378
2023-03-09,-0.019065037769268045,-0.0034190780678868826
2023-03-10,-0.00717855572114634,-0.006068769258657514
2023-03-13,-0.01539924809780302,-0.022542317828336045
2023-03-14,-0.013893146829279002,-0.004275581677214868
2023-03-15,-0.009773936020578189,-0.00411343975708045
2023-03-16,-0.004595897050570286,-0.0011601577875444136
2023-03-17,-0.0015810997170123686,-0.00459887427378225
2023-03-20,-0.010736997295011763,-0.01351128409432345
2023-03-21,0.005020116627256543,0.009342829251289153
2023-03-22,0.005973545385580925,0.00408612398480801
2023-03-23,-0.006256075983755216,-0.0007887573759910449
2023-03-24,-0.008697885025290897,-0.013626238941247704
2023-03-27,0.006482688944258186,-0.008887128986822312
2023-03-28,0.0006256048442982998,-0.007813099226175013
2023-03-29,0.002065984903250051,0.017052163752394822
2023-03-31,0.02997790800628719,0.015511023150086567
2023-04-03,-0.0010323480760179304,0.010315105319695261
2023-04-05,0.00647081779778258,0.007550963483349937
2023-04-06,-0.0008728050982296232,0.006210254005697191
2023-04-11,-0.0021567233808901243,0.003353631396509016
2023-04-12,0.006956274269436458,0.003758103228348242
2023-04-13,-0.008253437461215318,0.006107110704703933
2023-04-17,-0.007145344993926939,0.002179254952607179
2023-04-18,-0.006340914164735811,-0.003609917263486584
2023-04-19,-0.00574515048454205,-6.940476861050371e-05
2023-04-20,0.001845455065670576,0.0021887156108193473
2023-04-21,0.011151931927881886,-0.0022830381068891237
2023-04-24,0.004176614559431524,0.007673505654324453
2023-04-25,0.003337522763717349,0.0008488849084051786
2023-04-26,0.0017273251682923263,0.002054442425004188
2023-04-27,0.0006691392878725999,0.01041753010987545
2023-04-28,0.013267325133749619,0.01120371808669085
2023-05-02,0.0035056623076521465,0.005664081427876999
2023-05-03,-0.010751400649698706,0.0012106326408105605
2023-05-04,0.012293321697047999,0.008681966032059396
2023-05-05,0.0007720883834712033,-0.01071210532623712
2023-05-08,0.00870258570475757,0.007159967330042871
2023-05-09,0.007178149440373094,-0.0033896040033888353
2023-05-10,0.003461556072445582,0.006042600588551439
2023-05-11,-0.003522536355425654,0.004982582407867087
2023-05-12,-0.0007380133628532848,-0.0045262387309051855
2023-05-15,-0.002645295101715739,0.008487258425859068
2023-05-16,-0.005334477100330859,-0.004140973165813633
2023-05-17,-0.0113766831615002,0.0005127891121006201
2023-05-18,-0.0025082641888043433,-0.0001001744359806489
2023-05-19,0.005561668746267179,-0.0005250608940708945
2023-05-22,0.016048699304582303,0.0004334474069369598
2023-05-23,-0.00037112492752122694,0.0009434638883019097
2023-05-24,-0.0012402342742766637,-0.0042930671385223995
2023-05-25,-0.0018228041856118704,0.0011627191330600972
2023-05-26,0.01745999622182448,0.005313902158270434
2023-05-29,0.000791215885413532,0.003313356885810359
2023-05-30,-0.0008411749973010751,0.0028013565849158706
2023-05-31,-0.012920024777050898,0.0037895029682251113
2023-06-01,0.00509264795775044,0.004602616582874752
2023-06-02,-0.004614509019511437,0.006802949292373794
2023-06-05,0.0006554673862801952,0.0034685028092653614
2023-06-06,-0.009804070107416796,0.005281069024656304
2023-06-07,0.010859486343841596,0.007074643135875025
2023-06-08,-0.006641770617362597,-0.0038104658977283767
2023-06-09,-0.007844471576925471,0.003718716577802983
2023-06-12,0.007205339708645564,0.006253270170718972
2023-06-13,0.005537066495743481,0.0077512878674632635
2023-06-14,0.006456062986245348,0.0013248822653759706
2023-06-15,-0.006082997784081612,0.0005893029994366028
2023-06-16,-0.003313463592712562,0.0040018645653143725
2023-06-19,0.0021374571697525546,0.0014327451191307183
2023-06-20,0.003987252792563956,0.003551517461377829
2023-06-21,0.0066475306238436005,0.0010500322143196517
2023-06-22,-0.008227924440055823,-0.006461628423627519
2023-06-23,-0.00740343020829537,-0.007369741935991159
2023-06-26,-0.008022061727885,0.005262447900514111
2023-06-27,0.0015530568036203896,0.004947146052866502
2023-06-28,0.008834742834990195,3.686946849490447e-05
2023-06-30,0.019089865858040067,0.0021831786019888
2023-07-03,0.00538538715514858,0.010580671453698454
2023-07-04,0.0020531271442196797,-0.0005615223958320703
2023-07-05,0.0012595063876343904,0.0031557999738889286
2023-07-06,0.009293355230256761,0.007626789166203629
2023-07-07,0.00027727521057019366,-0.004292102575717771
2023-07-10,0.006308636034073167,-0.0002340535728888593
2023-07-11,0.004798994863755457,0.007571854345107765
2023-07-12,-0.0016628526006022826,0.0024109713543476463
2023-07-13,0.009941626591912334,-0.010963607307349355
2023-07-14,0.02928595847761306,0.01562503492746914
2023-07-17,0.004754556343800953,0.010828761691483058
2023-07-18,0.004457607741935599,-0.000648862039003717
2023-07-19,-0.0011553619190822761,0.009542125667860502
2023-07-20,-0.0016291463616051605,0.004617659035882404
2023-07-21,-0.028948832992067963,-0.0029536714657562024
2023-07-24,-0.004215326817709086,-0.0014945355724188536
2023-07-25,0.0004760247315371835,0.006373577574874112
2023-07-26,0.005021291442290021,0.004777755809008966
2023-07-27,-0.0025192571619536697,-0.003111395646606896
2023-07-28,-0.0027713495697309076,0.00484592873709766
2023-07-31,0.014864224904920675,0.01648489708544143
2023-08-01,-0.0009127826245572956,0.002034143295418067
2023-08-02,-0.006412136959892734,-0.01717140160459274
2023-08-03,-0.008630023027564548,0.005580080880931426
2023-08-04,0.013147075923732876,0.006509797387081351
2023-08-07,0.009205296052337442,0.005260914932200711
2023-08-08,-0.00476874544946293,-0.0017213799529304241
2023-08-09,0.0014132125553998343,0.005589989098352399
2023-08-10,-0.0015281163749628623,0.001049232562265745
2023-08-11,0.0029103883385839247,0.002733821366529554
2023-08-14,0.005195197881577851,-0.005816419167603448
2023-08-16,0.0010701177891101477,0.0009599652935625702
2023-08-17,-0.00991121423097252,0.0010439051648001296
2023-08-18,-0.00834481749581506,0.00015166845166803
2023-08-21,-0.0003798585534836585,0.006624044389683004
2023-08-22,-0.0033943407644370094,0.006813234502146326
2023-08-23,0.003202573410354459,0.006047333979882552
2023-08-24,-0.008935115199019461,-0.003724669745411524
2023-08-25,-0.0030506603599103066,-0.007288505745141283
2023-08-28,-0.005188361166263977,0.009562499578651185
2023-08-29,-0.003918005367796185,0.004648774739495876
2023-08-30,0.002156473734149955,0.0058503870007791114
2023-08-31,-0.007781021031481372,0.005435749968291548
2023-09-01,0.004866547147693412,0.013168626561352204
2023-09-04,0.006448733755343827,0.005835279612335986
2023-09-05,0.004074357431477438,0.0036955995974337075
2023-09-06,0.0009652667483228683,-0.0026339921060039018
2023-09-07,0.004890271942225688,0.006707271009307902
2023-09-08,0.0004840721076266874,0.006807298608255241
2023-09-11,0.011060957896238177,0.00837918406862137
2023-09-12,0.010814012255467853,-0.03946160009752264
2023-09-13,-0.0001245919582948396,0.010343547923415297
2023-09-14,-0.0009221034895166014,0.006896726571836265
2023-09-15,0.007117504907091066,0.000227029542141155
2023-09-18,-0.002237443365999736,-0.0056562462746792
2023-09-20,-0.009002731218765048,-0.009395545989592358
2023-09-21,-0.006362488531828192,-0.009616034503880044
2023-09-22,0.0014285063645773644,0.002746313856062388
2023-09-25,-0.006880811097897399,0.005514697281306047
2023-09-26,0.0017912832767752462,0.0021721429931915726
2023-09-27,0.005060558052545128,0.005607429493198701
2023-09-29,-0.014198894667673212,0.003307897786986702
2023-10-03,-0.007082555326306528,0.0032141537398870934
2023-10-04,0.003412191759902372,-0.010134214774290773
2023-10-05,0.008809154946089137,0.0018112850950311454
2023-10-06,0.006089609608258328,0.008753873312698168
2023-10-09,-0.0004713952139163702,-0.020635813642855827
2023-10-10,0.0001178632583869188,0.014830750848132013
2023-10-11,0.0029727564827433106,0.004106252508208508
2023-10-12,-0.01057943400306871,0.006647800857765285
2023-10-13,0.004786224517554061,-0.00036507928932894007
2023-10-16,-0.00879201498952431,0.00022510547732790265
2023-10-17,-0.0009884031852901431,0.0029981368906035755
2023-10-18,-0.008708194463422192,-0.006478631925133094
2023-10-19,-0.00850939046031407,0.001239181371858411
2023-10-20,0.0055278459642007505,-0.010557079779555001
2023-10-23,-0.02076416247566293,-0.041292445156541624
2023-10-25,-0.004459412047685074,-0.005298068133555267
2023-10-26,-0.015014039906696586,-0.00420164547731805
2023-10-27,0.009616680896957774,0.023123655919929043
2023-10-30,0.01322829907475409,0.0025224169161282006
2023-10-31,-0.006044604455984093,0.0010304050973597434
2023-11-01,-0.005056013391318448,-0.004097435553594098
2023-11-02,0.009283898677852287,0.008193084639974035
2023-11-03,-0.0017076906552676574,0.006729213853598148
2023-11-06,0.008579365100891856,0.009506310026297982
2023-11-07,-0.004371202517812645,0.00782376861369638
2023-11-08,0.004074276888418105,0.006764326317793223
2023-11-09,-0.010397983660476062,-0.003524250906674742
2023-11-10,-0.0017055755539722162,0.005648400568883494
2023-11-13,-0.00038944241916616384,0.016558496238320508
2023-11-15,0.02029699008039687,0.008402604700143979
2023-11-16,0.016976964601505884,0.0002776009480796038
2023-11-17,-9.388821867883923e-05,0.0008227433830965136
2023-11-20,0.0018692719891602039,-0.0012188257400121971
2023-11-21,0.0034332644736392304,0.00474836503488274
2023-11-22,0.004966803200414205,-0.0014730115353116524
2023-11-23,-0.002466879092480889,0.005662501913314522
2023-11-24,-0.008934998941350858,0.0050881116551473315
2023-11-28,0.002315810064518864,0.00799515255081329
2023-11-29,0.008508776998447543,0.007112850471182153
2023-11-30,-0.008352408550513113,0.008674544387033079
2023-12-01,0.006973495878679126,0.005787049577943959
2023-12-04,0.004520856321611255,0.014888091341837217
2023-12-05,0.006186138726642421,0.006806199559201698
2023-12-06,0.016057040731098038,0.003623537712233116
2023-12-07,0.0011128661284076635,0.0016492120483901918
2023-12-08,0.0017292632654151152,-0.003732065318654665
2023-12-11,0.003255275257022072,0.0054422413870773845
2023-12-12,-0.0009996072785652954,-0.004649972093753285
2023-12-13,-0.011261229601433831,0.005949145359406938
2023-12-14,0.017237644519908724,0.006370201399918063
2023-12-15,0.03672900135357615,0.008413346889246442
2023-12-18,0.003712653486621864,0.007320367905599978
2023-12-19,-0.00092472060263038,0.0056262760444385496
2023-12-20,-0.010526661302770912,-0.03842626473339006
2023-12-21,0.00679383846841386,0.02338415037720387
2023-12-22,0.006141683876522697,0.009757968194085809
2023-12-27,0.0014086601186744652,0.00872742336921295
2023-12-28,0.001156587130028086,0.007230621234775247
2023-12-29,-0.004230787511077527,0.003658432312058313
2024-01-02,0.0025947226489939634,0.007666505777756738
2024-01-03,-0.018741474510288958,0.003674355529348583
2024-01-04,-0.0018486063961220545,0.013452972942038066
2024-01-05,0.013115759363317103,0.001727801931887596
2024-01-08,-0.012599235513874318,-0.0033729241384060638
2024-01-09,0.0007580627306553733,0.005695390553439816
2024-01-10,0.014791758992270365,0.006692294699647716
2024-01-11,0.014489670846886238,0.011380175863541231
2024-01-12,0.026164328779793466,0.002919886829678253
2024-01-15,0.010235128328206944,0.004614205435803376
2024-01-16,-0.012178629777921612,-0.004131440936294362
2024-01-17,-0.0004235727446948445,-0.011064229148709637
2024-01-18,0.004653626423517743,0.001188554353789284
2024-01-19,0.005942600161463529,0.013313312452329473
2024-01-23,-0.02434130983560312,-0.01724815421883097
2024-01-24,0.0021718001498702844,0.019361632517743255
2024-01-25,-0.002006278772394343,0.014417526091721866
2024-01-29,0.027722172016664937,0.02027441128518137
2024-01-30,-0.012139589918415128,0.0013559387628714337
2024-01-31,0.008071571382089804,0.013541109407896101
2024-02-01,0.005735320620171125,-0.0002045123573943819
2024-02-02,0.025978576250063057,0.011415101820312357
2024-02-05,-0.004410226213140356,0.006732278557049831
2024-02-06,0.02047041794696458,0.0026871649097592876
2024-02-07,-0.0034184086833551897,0.00011877600370313601
2024-02-08,0.009565587920181029,-0.00144573455231356
2024-02-09,0.002964040368590215,-0.013045795844461083
2024-02-12,-0.004223841705856102,-0.035707416436054684
2024-02-13,0.007729069313535453,0.005007547644558796
2024-02-14,-0.002380023677816423,0.017452084129469414
2024-02-15,-0.0026122529739088796,0.011534973447483887
2024-02-16,0.0007168190962854037,0.005451635108913333
2024-02-19,0.0003333732069761286,0.008995419556362405
2024-02-20,-0.011216973780657447,0.0016769017271720532
2024-02-21,-0.006568481240961432,-0.00740118811805246
2024-02-22,0.01785794468758617,0.014399417715531548
2024-02-23,-0.0015956088622498532,0.008482681865704444
2024-02-26,-0.009042048712077477,-0.005217738485310375
2024-02-27,0.01433547897701648,-0.0072661844269786835
2024-02-28,-0.006430424717464134,-0.020742685492095903
2024-02-29,-0.0019202867094739728,0.004539518119952346
2024-03-01,0.00882179665950411,0.011747336880972847
2024-03-04,0.0023874639209164883,0.006145437319813762
2024-03-05,-0.011697554788246078,-0.004434558396136712
2024-03-06,0.008242431205436773,-0.013570815613235476
2024-03-07,-0.0005445106274185596,0.004790098561625378
2024-03-11,-0.0015425208107467947,-0.015687939744119306
2024-03-12,0.012408678022582498,-0.016810937210199994
2024-03-13,-0.01816438216266536,-0.05817510992385111
2024-03-14,0.008155867078557755,0.029965579969463807
2024-03-15,-0.0021002747386974496,-0.0014585966755574775
2024-03-18,-0.0034369375353003884,0.006373230316547129
2024-03-19,-0.028962718039372448,-0.012748052845000357
2024-03-20,0.004481656360290964,-0.0023439003655331136
2024-03-21,0.002405808969284662,0.02373142471773826
2024-03-22,-0.007847379880175809,0.005385050068826391
2024-03-26,-0.00884041801505453,-0.0026761640036000456
2024-03-27,0.0097549720995036,0.009383718345739256
2024-03-28,0.00313481776339275,0.003253417185276053
2024-04-02,0.0014164648323415907,0.03810917398272928
2024-04-03,0.004782951873320229,0.009104863720181378
2024-04-04,0.0056091933073616485,0.003462795115617867
2024-04-05,-0.0042862681114752554,0.009378754879332707
2024-04-08,0.006529513098427975,0.0014542214517569985
2024-04-09,-0.010173504549463641,0.004209876923444433
2024-04-10,0.01017620489790727,0.006175051462022241
2024-04-12,-0.0011664871890686435,-0.004864156414424503
2024-04-15,-0.00935018788482811,-0.01412822878841502
2024-04-16,-0.009685818509546973,0.0024797823669377994
2024-04-18,-0.002006105901624089,0.003136355442548089
2024-04-19,-0.0035637165101859436,0.0005216826982226141
2024-04-22,0.008549549331438033,0.010044895358649164
2024-04-23,-0.00453529227775018,0.006600648483121363
2024-04-24,-0.00911916924154732,0.004924861824088689
2024-04-25,0.0060536819937315745,0.004662255193052189
2024-04-26,-0.006748183027583843,0.004837310488214452
2024-04-29,0.010971582713706685,0.004495624243286089
2024-04-30,-0.006705650182897704,0.00033590610443567925
2024-05-02,0.006180963446549281,0.0008223059788461384
2024-05-03,-0.012506656804866623,-0.0070728255046697
2024-05-06,0.00725633936602299,-0.015875986618011484
2024-05-07,0.0032247754282599406,-0.015695090789108357
2024-05-08,0.004740581097822494,0.007041020229816342
2024-05-09,-0.009627181659390915,-0.022565666970591702
2024-05-10,-0.005882825161203309,0.007497010973867013
2024-05-13,0.006625668145612051,-0.0021330590635464386
2024-05-14,-0.0017547381599731793,0.019394954402759623
2024-05-15,-0.0042127916457175285,0.004383233679164267
2024-05-16,0.005764969417821897,0.004374781068072098
2024-05-17,-0.006835351804561074,0.009978645010681353
2024-05-21,-0.001946170878849407,0.01136273980402902
2024-05-22,0.009092350051208786,0.006182832923365078
2024-05-23,0.016621503441044183,0.0025142993461915175
2024-05-24,-0.00809112866894135,-0.0015076576447677903
2024-05-27,-0.004471358468704056,-0.000306949294314518
2024-05-28,-0.004019476800725896,-0.008084524334105891
2024-05-29,-0.009937333272590165,-0.00012062409660273943
2024-05-30,-0.014868650611763012,-0.016582565707178643
2024-05-31,-0.0082070588884251,0.01287284027859581
2024-06-03,0.029356604279098253,0.025982957623457148
2024-06-04,-0.031821216802539576,-0.08266045778263531
2024-06-05,0.01204382818407912,0.03714535524233331
2024-06-06,0.016036840462784197,0.03156977289530993
2024-06-07,0.020952850942581813,0.018991136989103152
2024-06-10,-0.004733767087227281,-0.002617706556233723
2024-06-11,-0.005300272688010033,0.007465862889826758
2024-06-12,-0.0010568979770118059,0.00999248154883503
2024-06-13,0.007450113062656305,0.006235753167046498
2024-06-14,-0.003157712052718975,0.0062721018858356015
2024-06-18,-0.0014733724441295948,0.006685299590605265
2024-06-19,-0.008580324358689384,-0.0012687983380439416
